{
    "train_time": 15518.354627609253,
    "best loss model": {
        "mIoU": 0.38332399725914,
        "mDice": 0.4997701048851013,
        "mDice_no_bg": 0.48147958517074585,
        "accuracy": 0.9680972695350647,
        "mean_acc": 0.48614367842674255,
        "mean_acc_no_bg": 0.4673110842704773,
        "dice_per_class": [
            0.9936147332191467,
            0.5775837302207947,
            0.7041990756988525,
            0.6918818354606628,
            0.012930141761898994,
            0.6840415596961975,
            0.15128351747989655,
            0.7992022633552551,
            0.7213628888130188,
            0.6457619071006775,
            0.6553230285644531,
            0.8451945781707764,
            0.30573540925979614,
            0.012260740622878075,
            0.7209524512290955,
            0.670704185962677,
            0.12882673740386963,
            0.3465765118598938,
            0.3162287175655365,
            0.05128205195069313,
            0.34842634201049805,
            0.0,
            0.6423812508583069,
            0.31909728050231934,
            0.7408056855201721,
            0.6496676802635193,
            0.3515588939189911,
            0.9066798686981201
        ],
        "accuracy_per_class": [
            0.9946239590644836,
            0.533023476600647,
            0.6717121601104736,
            0.751306414604187,
            0.016643516719341278,
            0.6926901340484619,
            0.1145373210310936,
            0.8553308248519897,
            0.7227158546447754,
            0.5838840007781982,
            0.6518272757530212,
            0.8520948886871338,
            0.38298550248146057,
            0.007048998028039932,
            0.6526071429252625,
            0.5934093594551086,
            0.07017972320318222,
            0.6366459727287292,
            0.2030118703842163,
            0.02715994231402874,
            0.24776513874530792,
            0.0,
            0.6484183073043823,
            0.20843365788459778,
            0.7219086289405823,
            0.603439450263977,
            0.28674831986427307,
            0.8818715214729309
        ],
        "iou_per_class": [
            0.9873103499412537,
            0.4060581624507904,
            0.543446958065033,
            0.5289138555526733,
            0.00650714011862874,
            0.519804835319519,
            0.08183164894580841,
            0.6655594110488892,
            0.564165472984314,
            0.4768452048301697,
            0.4873460531234741,
            0.7318934798240662,
            0.18045316636562347,
            0.006168183404952288,
            0.5636635422706604,
            0.5045560002326965,
            0.06884811073541641,
            0.2096114456653595,
            0.1878097802400589,
            0.02631578966975212,
            0.2109662890434265,
            0.0,
            0.47316765785217285,
            0.18983685970306396,
            0.5883172154426575,
            0.4811168909072876,
            0.2132674902677536,
            0.8292903304100037
        ]
    },
    "mDice model": {
        "mIoU": 0.4171335995197296,
        "mDice": 0.5391782522201538,
        "mDice_no_bg": 0.5223196744918823,
        "accuracy": 0.9716238379478455,
        "mean_acc": 0.5123259425163269,
        "mean_acc_no_bg": 0.4944279193878174,
        "dice_per_class": [
            0.9943581819534302,
            0.5797030925750732,
            0.758512020111084,
            0.6831450462341309,
            0.04626503214240074,
            0.7453218102455139,
            0.24325622618198395,
            0.8287226557731628,
            0.7577248811721802,
            0.66396164894104,
            0.6735349893569946,
            0.8582099676132202,
            0.2750413119792938,
            0.23402787744998932,
            0.7521293759346008,
            0.6974467039108276,
            0.2301453948020935,
            0.374905526638031,
            0.39112237095832825,
            0.07267861068248749,
            0.3814062178134918,
            0.0,
            0.6956896781921387,
            0.36600589752197266,
            0.7645376324653625,
            0.6831712126731873,
            0.42793288826942444,
            0.9180333614349365
        ],
        "accuracy_per_class": [
            0.9955719709396362,
            0.5857847929000854,
            0.7739740610122681,
            0.7647356390953064,
            0.041125111281871796,
            0.7083211541175842,
            0.19792048633098602,
            0.8228331804275513,
            0.7504209876060486,
            0.6101664900779724,
            0.6799898147583008,
            0.871930718421936,
            0.2606811821460724,
            0.1559782326221466,
            0.7225606441497803,
            0.6025398373603821,
            0.14057128131389618,
            0.38509318232536316,
            0.29090645909309387,
            0.039454564452171326,
            0.32429516315460205,
            0.0,
            0.6764675974845886,
            0.27380043268203735,
            0.7448296546936035,
            0.6229141354560852,
            0.40544331073760986,
            0.8968156576156616
        ],
        "iou_per_class": [
            0.9887796640396118,
            0.40815627574920654,
            0.6109700798988342,
            0.518770158290863,
            0.023680301383137703,
            0.5940341949462891,
            0.13846994936466217,
            0.7075374722480774,
            0.6099493503570557,
            0.4969630241394043,
            0.507766842842102,
            0.7516354918479919,
            0.1594480574131012,
            0.13252070546150208,
            0.6027302742004395,
            0.5354458093643188,
            0.13003632426261902,
            0.23069767653942108,
            0.24310261011123657,
            0.03770964592695236,
            0.2356404960155487,
            0.0,
            0.5333774089813232,
            0.22399461269378662,
            0.6188271045684814,
            0.5188003182411194,
            0.27221032977104187,
            0.8484858274459839
        ]
    }
}