{
    "train_time": 13501.080116987228,
    "best loss model": {
        "mIoU": 0.33337363600730896,
        "mDice": 0.43605905771255493,
        "mDice_no_bg": 0.4154437482357025,
        "accuracy": 0.9666851162910461,
        "mean_acc": 0.40498268604278564,
        "mean_acc_no_bg": 0.383110374212265,
        "dice_per_class": [
            0.9926719665527344,
            0.519852876663208,
            0.7059508562088013,
            0.6032906174659729,
            0.10303489863872528,
            0.6779987215995789,
            0.24965167045593262,
            0.8008643984794617,
            0.6736177206039429,
            0.6638277173042297,
            0.6245875358581543,
            0.8380866646766663,
            0.11463613063097,
            0.002825307659804821,
            0.646881639957428,
            0.744785726070404,
            0.08836272358894348,
            0.0,
            0.0,
            0.0,
            0.2385983169078827,
            0.0,
            0.6180862188339233,
            0.0,
            0.7188988924026489,
            0.5733088850975037,
            0.2807341516017914,
            0.7290992140769958
        ],
        "accuracy_per_class": [
            0.9955344200134277,
            0.5151318311691284,
            0.6982680559158325,
            0.49696439504623413,
            0.09012550860643387,
            0.6669505834579468,
            0.20220297574996948,
            0.7928351759910583,
            0.606091320514679,
            0.7002303004264832,
            0.6227301955223083,
            0.8288188576698303,
            0.09846068173646927,
            0.001532390946522355,
            0.5294527411460876,
            0.7050898671150208,
            0.0471884123980999,
            0.0,
            0.0,
            0.0,
            0.15984131395816803,
            0.0,
            0.5758571028709412,
            0.0,
            0.7296432256698608,
            0.4994145929813385,
            0.2023800164461136,
            0.5747705101966858
        ],
        "iou_per_class": [
            0.9854505658149719,
            0.3512170612812042,
            0.5455363988876343,
            0.4319370985031128,
            0.05431565269827843,
            0.5128578543663025,
            0.1426297128200531,
            0.6678680777549744,
            0.5078608989715576,
            0.49681296944618225,
            0.454109251499176,
            0.7212987542152405,
            0.060803189873695374,
            0.0014146522153168917,
            0.4780673086643219,
            0.5933534502983093,
            0.046223584562540054,
            0.0,
            0.0,
            0.0,
            0.13545934855937958,
            0.0,
            0.4472683072090149,
            0.0,
            0.5611569881439209,
            0.40184512734413147,
            0.1632872223854065,
            0.5736870169639587
        ]
    },
    "mDice model": {
        "mIoU": 0.4017709493637085,
        "mDice": 0.5253738760948181,
        "mDice_no_bg": 0.5080026984214783,
        "accuracy": 0.9711835384368896,
        "mean_acc": 0.4823409616947174,
        "mean_acc_no_bg": 0.46334967017173767,
        "dice_per_class": [
            0.9943955540657043,
            0.550029993057251,
            0.7502409815788269,
            0.5874449014663696,
            0.028250407427549362,
            0.7354140281677246,
            0.16894584894180298,
            0.8391882181167603,
            0.7367216348648071,
            0.6580230593681335,
            0.6670997738838196,
            0.8515458106994629,
            0.3276841640472412,
            0.3931286931037903,
            0.7376636266708374,
            0.691888153553009,
            0.3470485508441925,
            0.2725563943386078,
            0.20446336269378662,
            0.16248413920402527,
            0.3800530731678009,
            0.0,
            0.7184881567955017,
            0.24304762482643127,
            0.7744809985160828,
            0.6297630071640015,
            0.42147114872932434,
            0.8389458656311035
        ],
        "accuracy_per_class": [
            0.9951062202453613,
            0.5036019086837769,
            0.7913405895233154,
            0.4940735697746277,
            0.01903710700571537,
            0.7443683743476868,
            0.10795925557613373,
            0.8283255696296692,
            0.702136754989624,
            0.6263816952705383,
            0.6603726744651794,
            0.8766616582870483,
            0.306761234998703,
            0.2634563148021698,
            0.6612029075622559,
            0.5991235375404358,
            0.23494809865951538,
            0.2251552790403366,
            0.14958007633686066,
            0.09299206733703613,
            0.34766462445259094,
            0.0,
            0.7001619935035706,
            0.18734949827194214,
            0.7702258825302124,
            0.5527372360229492,
            0.3319786787033081,
            0.7328440546989441
        ],
        "iou_per_class": [
            0.9888534545898438,
            0.3793388903141022,
            0.6003085374832153,
            0.4158739447593689,
            0.014327583834528923,
            0.5815452933311462,
            0.0922669842839241,
            0.7229321599006653,
            0.5831823348999023,
            0.4903385639190674,
            0.5004873871803284,
            0.7414712905883789,
            0.1959463357925415,
            0.24465472996234894,
            0.5843637585639954,
            0.5289212465286255,
            0.20995689928531647,
            0.15778020024299622,
            0.11387311667203903,
            0.08842597156763077,
            0.23460835218429565,
            0.0,
            0.5606566071510315,
            0.13833478093147278,
            0.6319616436958313,
            0.4596015512943268,
            0.26700249314308167,
            0.7225725054740906
        ]
    }
}