{
    "train_time": 19194.12096953392,
    "best loss model": {
        "mIoU": 0.3137369155883789,
        "mDice": 0.41731247305870056,
        "mDice_no_bg": 0.39600563049316406,
        "accuracy": 0.9645169377326965,
        "mean_acc": 0.3944244682788849,
        "mean_acc_no_bg": 0.37219148874282837,
        "dice_per_class": [
            0.9925965666770935,
            0.4766426384449005,
            0.6838914155960083,
            0.5492345690727234,
            0.0,
            0.63568514585495,
            0.014599882997572422,
            0.7865747213363647,
            0.6745656728744507,
            0.6155021786689758,
            0.5823614597320557,
            0.8185834884643555,
            0.2605817914009094,
            0.0,
            0.6406500339508057,
            0.5142919421195984,
            0.07524450123310089,
            0.16737589240074158,
            0.0718470960855484,
            0.0,
            0.20659835636615753,
            0.0,
            0.6705569624900818,
            0.0,
            0.729433536529541,
            0.5831754207611084,
            0.2387988120317459,
            0.6959564685821533
        ],
        "accuracy_per_class": [
            0.9947139620780945,
            0.431574285030365,
            0.6460195779800415,
            0.6092607378959656,
            0.0,
            0.6412762403488159,
            0.008420301601290703,
            0.8329950571060181,
            0.6941221952438354,
            0.5186581611633301,
            0.6406829357147217,
            0.8241376280784607,
            0.22571933269500732,
            0.0,
            0.5362673997879028,
            0.4093256890773773,
            0.04011666774749756,
            0.09161490947008133,
            0.0372864194214344,
            0.0,
            0.13193334639072418,
            0.0,
            0.7116014361381531,
            0.0,
            0.7792714238166809,
            0.5272439122200012,
            0.16300007700920105,
            0.5486431121826172
        ],
        "iou_per_class": [
            0.9853019118309021,
            0.31288957595825195,
            0.5196314454078674,
            0.37858259677886963,
            0.0,
            0.4659372866153717,
            0.00735362246632576,
            0.6482267379760742,
            0.5089393258094788,
            0.44456708431243896,
            0.4107968509197235,
            0.6928830742835999,
            0.14980974793434143,
            0.0,
            0.4712914824485779,
            0.3461594581604004,
            0.039093017578125,
            0.09133126586675644,
            0.03726213797926903,
            0.0,
            0.11519915610551834,
            0.0,
            0.5043893456459045,
            0.0,
            0.5741010308265686,
            0.41160738468170166,
            0.135588601231575,
            0.5336911082267761
        ]
    },
    "mDice model": {
        "mIoU": 0.38411837816238403,
        "mDice": 0.5039743185043335,
        "mDice_no_bg": 0.4858227074146271,
        "accuracy": 0.9698086380958557,
        "mean_acc": 0.47611793875694275,
        "mean_acc_no_bg": 0.45688945055007935,
        "dice_per_class": [
            0.9940664768218994,
            0.5784932374954224,
            0.7098718285560608,
            0.5552797913551331,
            0.20193664729595184,
            0.739510178565979,
            0.2466653734445572,
            0.8237434029579163,
            0.739538311958313,
            0.6331589221954346,
            0.6641650199890137,
            0.8464148044586182,
            0.34247803688049316,
            0.21070978045463562,
            0.7181758880615234,
            0.631391167640686,
            0.3053470253944397,
            0.2763975262641907,
            0.1718934029340744,
            0.04598195105791092,
            0.3535488545894623,
            0.0,
            0.679990828037262,
            0.00374531839042902,
            0.7516168355941772,
            0.6445541977882385,
            0.3821880519390106,
            0.8604170680046082
        ],
        "accuracy_per_class": [
            0.9952870607376099,
            0.5222156047821045,
            0.7168114185333252,
            0.5737665891647339,
            0.15621589124202728,
            0.7144328951835632,
            0.19584675133228302,
            0.8019382953643799,
            0.7236329913139343,
            0.5911989808082581,
            0.6510442495346069,
            0.8775107860565186,
            0.28503847122192383,
            0.1424165815114975,
            0.6528652310371399,
            0.5560334324836731,
            0.2051294595003128,
            0.2763975262641907,
            0.11627570539712906,
            0.02391863241791725,
            0.2842211127281189,
            0.0,
            0.6704137325286865,
            0.0018793680937960744,
            0.7477622032165527,
            0.5955921411514282,
            0.446139931678772,
            0.8073163628578186
        ],
        "iou_per_class": [
            0.9882029891014099,
            0.4069577753543854,
            0.5502335429191589,
            0.38435110449790955,
            0.11230785399675369,
            0.5866847634315491,
            0.14068356156349182,
            0.7003092169761658,
            0.5867201685905457,
            0.46322789788246155,
            0.497190922498703,
            0.7337254881858826,
            0.2066204994916916,
            0.11776165664196014,
            0.560276448726654,
            0.46133795380592346,
            0.18018263578414917,
            0.16036036610603333,
            0.09402810037136078,
            0.023531999439001083,
            0.21473388373851776,
            0.0,
            0.515140950679779,
            0.0018761726096272469,
            0.6020722389221191,
            0.47552934288978577,
            0.23623763024806976,
            0.7550280690193176
        ]
    }
}