{
    "train_time": 12231.461997509003,
    "best loss model": {
        "mIoU": 0.33139318227767944,
        "mDice": 0.43070584535598755,
        "mDice_no_bg": 0.40988054871559143,
        "accuracy": 0.9668682813644409,
        "mean_acc": 0.41285839676856995,
        "mean_acc_no_bg": 0.3913300931453705,
        "dice_per_class": [
            0.9929887652397156,
            0.5493295192718506,
            0.6996853351593018,
            0.5443289875984192,
            0.05529932677745819,
            0.6748353838920593,
            0.00785738043487072,
            0.8213028311729431,
            0.7179307341575623,
            0.6340648531913757,
            0.6231388449668884,
            0.8376562595367432,
            0.32148027420043945,
            0.0,
            0.6424981951713562,
            0.5843613743782043,
            0.05625087767839432,
            0.0,
            0.0,
            0.0,
            0.21482808887958527,
            0.0,
            0.6905913949012756,
            0.0,
            0.726543664932251,
            0.5663578510284424,
            0.2921143174171448,
            0.8063189387321472
        ],
        "accuracy_per_class": [
            0.9941222071647644,
            0.6158820986747742,
            0.6929001808166504,
            0.44796285033226013,
            0.029591228812932968,
            0.724075973033905,
            0.00421497318893671,
            0.8230602741241455,
            0.6926568746566772,
            0.641791045665741,
            0.6431073546409607,
            0.8401511907577515,
            0.2699228823184967,
            0.0,
            0.5247289538383484,
            0.5591751933097839,
            0.029329814016819,
            0.0,
            0.0,
            0.0,
            0.13752976059913635,
            0.0,
            0.727860152721405,
            0.0,
            0.7465944290161133,
            0.4399535059928894,
            0.23802338540554047,
            0.7374001741409302
        ],
        "iou_per_class": [
            0.986075222492218,
            0.37867286801338196,
            0.5380892157554626,
            0.37393683195114136,
            0.028435906395316124,
            0.5092464685440063,
            0.003944185562431812,
            0.6967886686325073,
            0.5599781274795532,
            0.46419835090637207,
            0.4525793194770813,
            0.7206614017486572,
            0.19152607023715973,
            0.0,
            0.47329452633857727,
            0.412789911031723,
            0.028939371928572655,
            0.0,
            0.0,
            0.0,
            0.12034028768539429,
            0.0,
            0.5274071097373962,
            0.0,
            0.5705289244651794,
            0.3950482904911041,
            0.17103856801986694,
            0.6754894256591797
        ]
    },
    "mDice model": {
        "mIoU": 0.4136742949485779,
        "mDice": 0.5368277430534363,
        "mDice_no_bg": 0.5198826789855957,
        "accuracy": 0.9713483452796936,
        "mean_acc": 0.4925473630428314,
        "mean_acc_no_bg": 0.47393885254859924,
        "dice_per_class": [
            0.9943434596061707,
            0.6003962159156799,
            0.7535211443901062,
            0.5944119691848755,
            0.023604918271303177,
            0.7044193744659424,
            0.18983867764472961,
            0.8358538150787354,
            0.7414982914924622,
            0.6916579604148865,
            0.6624369025230408,
            0.8566927909851074,
            0.28647932410240173,
            0.5215556025505066,
            0.7296084761619568,
            0.7252864241600037,
            0.4473070502281189,
            0.28495338559150696,
            0.23712831735610962,
            0.06274089962244034,
            0.3434888422489166,
            0.0,
            0.7355445623397827,
            0.30809342861175537,
            0.769849956035614,
            0.6374977827072144,
            0.4109518229961395,
            0.8820142149925232
        ],
        "accuracy_per_class": [
            0.9949766397476196,
            0.5633860230445862,
            0.7941994071006775,
            0.469030499458313,
            0.016283856704831123,
            0.7058925628662109,
            0.1434730589389801,
            0.8133333325386047,
            0.7426393032073975,
            0.6500383615493774,
            0.6775042414665222,
            0.8831995725631714,
            0.26170849800109863,
            0.3597670793533325,
            0.6611770987510681,
            0.6439726948738098,
            0.340616911649704,
            0.1661490648984909,
            0.16022299230098724,
            0.03274840861558914,
            0.25327691435813904,
            0.0,
            0.7251871824264526,
            0.24983848631381989,
            0.7724288105964661,
            0.5417314767837524,
            0.35135191679000854,
            0.8171907663345337
        ],
        "iou_per_class": [
            0.9887505173683167,
            0.42897582054138184,
            0.604519784450531,
            0.4228920340538025,
            0.011943421326577663,
            0.543709397315979,
            0.1048739030957222,
            0.7179972529411316,
            0.5891913771629333,
            0.5286522507667542,
            0.49525654315948486,
            0.749311089515686,
            0.16718754172325134,
            0.3527732491493225,
            0.5743178129196167,
            0.5689799189567566,
            0.2880846858024597,
            0.1661490648984909,
            0.1345125138759613,
            0.032386425882577896,
            0.2073567807674408,
            0.0,
            0.581708550453186,
            0.1820983737707138,
            0.6258179545402527,
            0.4678875207901001,
            0.25861507654190063,
            0.7889315485954285
        ]
    }
}