{
    "train_time": 15286.240121126175,
    "best loss model": {
        "mIoU": 0.1750076562166214,
        "mDice": 0.23269551992416382,
        "mDice_no_bg": 0.20474395155906677,
        "accuracy": 0.9543948769569397,
        "mean_acc": 0.21601621806621552,
        "mean_acc_no_bg": 0.18716198205947876,
        "dice_per_class": [
            0.9873875975608826,
            0.3617812991142273,
            0.6243937611579895,
            0.5438242554664612,
            0.0,
            0.5700079798698425,
            0.0,
            0.7054753303527832,
            0.5657213926315308,
            0.5263877511024475,
            0.4710182249546051,
            0.780373752117157,
            0.0,
            0.0,
            0.0,
            0.0,
            0.0,
            0.0,
            0.0,
            0.0,
            0.0,
            0.0,
            0.0,
            0.0,
            0.3787740170955658,
            0.000328882277244702,
            0.0,
            0.0
        ],
        "accuracy_per_class": [
            0.9950802326202393,
            0.2777974307537079,
            0.6264771819114685,
            0.4125376343727112,
            0.0,
            0.5531052947044373,
            0.0,
            0.7424386143684387,
            0.4767410159111023,
            0.46693992614746094,
            0.44041380286216736,
            0.7931725978851318,
            0.0,
            0.0,
            0.0,
            0.0,
            0.0,
            0.0,
            0.0,
            0.0,
            0.0,
            0.0,
            0.0,
            0.0,
            0.26358574628829956,
            0.00016447277448605746,
            0.0,
            0.0
        ],
        "iou_per_class": [
            0.9750891923904419,
            0.22083823382854462,
            0.4539044201374054,
            0.373460590839386,
            0.0,
            0.3986092209815979,
            0.0,
            0.5449686050415039,
            0.39442920684814453,
            0.35720911622047424,
            0.30806007981300354,
            0.6398466229438782,
            0.0,
            0.0,
            0.0,
            0.0,
            0.0,
            0.0,
            0.0,
            0.0,
            0.0,
            0.0,
            0.0,
            0.0,
            0.2336343228816986,
            0.0001644681760808453,
            0.0,
            0.0
        ]
    },
    "mDice model": {
        "mIoU": 0.1750076562166214,
        "mDice": 0.23269551992416382,
        "mDice_no_bg": 0.20474395155906677,
        "accuracy": 0.9543948769569397,
        "mean_acc": 0.21601621806621552,
        "mean_acc_no_bg": 0.18716198205947876,
        "dice_per_class": [
            0.9873875975608826,
            0.3617812991142273,
            0.6243937611579895,
            0.5438242554664612,
            0.0,
            0.5700079798698425,
            0.0,
            0.7054753303527832,
            0.5657213926315308,
            0.5263877511024475,
            0.4710182249546051,
            0.780373752117157,
            0.0,
            0.0,
            0.0,
            0.0,
            0.0,
            0.0,
            0.0,
            0.0,
            0.0,
            0.0,
            0.0,
            0.0,
            0.3787740170955658,
            0.000328882277244702,
            0.0,
            0.0
        ],
        "accuracy_per_class": [
            0.9950802326202393,
            0.2777974307537079,
            0.6264771819114685,
            0.4125376343727112,
            0.0,
            0.5531052947044373,
            0.0,
            0.7424386143684387,
            0.4767410159111023,
            0.46693992614746094,
            0.44041380286216736,
            0.7931725978851318,
            0.0,
            0.0,
            0.0,
            0.0,
            0.0,
            0.0,
            0.0,
            0.0,
            0.0,
            0.0,
            0.0,
            0.0,
            0.26358574628829956,
            0.00016447277448605746,
            0.0,
            0.0
        ],
        "iou_per_class": [
            0.9750891923904419,
            0.22083823382854462,
            0.4539044201374054,
            0.373460590839386,
            0.0,
            0.3986092209815979,
            0.0,
            0.5449686050415039,
            0.39442920684814453,
            0.35720911622047424,
            0.30806007981300354,
            0.6398466229438782,
            0.0,
            0.0,
            0.0,
            0.0,
            0.0,
            0.0,
            0.0,
            0.0,
            0.0,
            0.0,
            0.0,
            0.0,
            0.2336343228816986,
            0.0001644681760808453,
            0.0,
            0.0
        ]
    }
}