{
    "train_time": 8903.220165967941,
    "best loss model": {
        "mIoU": 0.055566467344760895,
        "mDice": 0.07905145734548569,
        "mDice_no_bg": 0.04816512018442154,
        "accuracy": 0.7628002762794495,
        "mean_acc": 0.3044548034667969,
        "mean_acc_no_bg": 0.28461557626724243,
        "dice_per_class": [
            0.9129824042320251,
            0.0913240909576416,
            0.09772491455078125,
            0.3768310546875,
            0.10064579546451569,
            0.12126104533672333,
            0.03484485670924187,
            0.06280503422021866,
            0.0,
            0.020067455247044563,
            0.010305668227374554,
            0.006502497009932995,
            0.07396125048398972,
            0.0,
            0.0,
            0.0,
            0.01295703835785389,
            0.0,
            0.006400270387530327,
            0.0069540925323963165,
            0.019809972494840622,
            0.0,
            0.05366517975926399,
            0.0060636550188064575,
            0.0,
            0.008952374570071697,
            0.033137835562229156,
            0.15624414384365082
        ],
        "accuracy_per_class": [
            0.8401130437850952,
            0.048746805638074875,
            0.0523185096681118,
            0.2540156841278076,
            0.053055860102176666,
            0.06567174941301346,
            0.540963351726532,
            0.03358389437198639,
            0.0,
            0.010248797945678234,
            0.0051881857216358185,
            0.0032657000701874495,
            0.8280117511749268,
            0.0,
            0.0,
            0.0,
            0.7783480882644653,
            0.0,
            0.6606574058532715,
            0.8747066259384155,
            0.8744670748710632,
            0.0,
            0.03681575879454613,
            0.9007458686828613,
            0.0,
            0.0045355455949902534,
            0.7256784439086914,
            0.9335961937904358
        ],
        "iou_per_class": [
            0.8398966193199158,
            0.04784683138132095,
            0.05137265473604202,
            0.2321576327085495,
            0.05298948287963867,
            0.06454385071992874,
            0.017731349915266037,
            0.032420605421066284,
            0.0,
            0.010135424323379993,
            0.00517952349036932,
            0.0032618537079542875,
            0.03840070590376854,
            0.0,
            0.0,
            0.0,
            0.006520763970911503,
            0.0,
            0.003210409078747034,
            0.003489178139716387,
            0.010004076175391674,
            0.0,
            0.027572430670261383,
            0.003041047602891922,
            0.0,
            0.004496313631534576,
            0.016848072409629822,
            0.08474232256412506
        ]
    },
    "mDice model": {
        "mIoU": 0.055566467344760895,
        "mDice": 0.07905145734548569,
        "mDice_no_bg": 0.04816512018442154,
        "accuracy": 0.7628002762794495,
        "mean_acc": 0.3044548034667969,
        "mean_acc_no_bg": 0.28461557626724243,
        "dice_per_class": [
            0.9129824042320251,
            0.0913240909576416,
            0.09772491455078125,
            0.3768310546875,
            0.10064579546451569,
            0.12126104533672333,
            0.03484485670924187,
            0.06280503422021866,
            0.0,
            0.020067455247044563,
            0.010305668227374554,
            0.006502497009932995,
            0.07396125048398972,
            0.0,
            0.0,
            0.0,
            0.01295703835785389,
            0.0,
            0.006400270387530327,
            0.0069540925323963165,
            0.019809972494840622,
            0.0,
            0.05366517975926399,
            0.0060636550188064575,
            0.0,
            0.008952374570071697,
            0.033137835562229156,
            0.15624414384365082
        ],
        "accuracy_per_class": [
            0.8401130437850952,
            0.048746805638074875,
            0.0523185096681118,
            0.2540156841278076,
            0.053055860102176666,
            0.06567174941301346,
            0.540963351726532,
            0.03358389437198639,
            0.0,
            0.010248797945678234,
            0.0051881857216358185,
            0.0032657000701874495,
            0.8280117511749268,
            0.0,
            0.0,
            0.0,
            0.7783480882644653,
            0.0,
            0.6606574058532715,
            0.8747066259384155,
            0.8744670748710632,
            0.0,
            0.03681575879454613,
            0.9007458686828613,
            0.0,
            0.0045355455949902534,
            0.7256784439086914,
            0.9335961937904358
        ],
        "iou_per_class": [
            0.8398966193199158,
            0.04784683138132095,
            0.05137265473604202,
            0.2321576327085495,
            0.05298948287963867,
            0.06454385071992874,
            0.017731349915266037,
            0.032420605421066284,
            0.0,
            0.010135424323379993,
            0.00517952349036932,
            0.0032618537079542875,
            0.03840070590376854,
            0.0,
            0.0,
            0.0,
            0.006520763970911503,
            0.0,
            0.003210409078747034,
            0.003489178139716387,
            0.010004076175391674,
            0.0,
            0.027572430670261383,
            0.003041047602891922,
            0.0,
            0.004496313631534576,
            0.016848072409629822,
            0.08474232256412506
        ]
    }
}