{
    "train_time": 8922.549110651016,
    "best loss model": {
        "mIoU": 0.061720654368400574,
        "mDice": 0.09211438149213791,
        "mDice_no_bg": 0.06163117662072182,
        "accuracy": 0.7750170230865479,
        "mean_acc": 0.42436617612838745,
        "mean_acc_no_bg": 0.40883588790893555,
        "dice_per_class": [
            0.9151608943939209,
            0.054314929991960526,
            0.08469266444444656,
            0.17075449228286743,
            0.0,
            0.028714364394545555,
            0.04698346555233002,
            0.10705224424600601,
            7.157991058193147e-05,
            0.04709102213382721,
            0.2142120897769928,
            0.021586263552308083,
            0.09190357476472855,
            0.028772618621587753,
            0.08815816044807434,
            0.060543183237314224,
            0.024990277364850044,
            0.017626984044909477,
            0.025041887536644936,
            0.0263536274433136,
            0.029892144724726677,
            0.0,
            0.07797586172819138,
            0.016169844195246696,
            0.015067505650222301,
            0.07472649216651917,
            0.09780338406562805,
            0.2135431170463562
        ],
        "accuracy_per_class": [
            0.8436838984489441,
            0.02801530808210373,
            0.044451866298913956,
            0.8386699557304382,
            0.0,
            0.014581513591110706,
            0.5295337438583374,
            0.05717546120285988,
            3.582714271033183e-05,
            0.024216394871473312,
            0.9115687608718872,
            0.010931270197033882,
            0.5966836214065552,
            0.05639198422431946,
            0.948864221572876,
            0.0317431278526783,
            0.7805152535438538,
            0.41304346919059753,
            0.4187662899494171,
            0.5858947038650513,
            0.7257974147796631,
            0.0,
            0.9371849894523621,
            0.7536265850067139,
            0.007933598943054676,
            0.797277569770813,
            0.5619168281555176,
            0.9637496471405029
        ],
        "iou_per_class": [
            0.8435913324356079,
            0.027915582060813904,
            0.04421883821487427,
            0.09334695339202881,
            0.0,
            0.014566313475370407,
            0.024056870490312576,
            0.0565531961619854,
            3.579123585950583e-05,
            0.02411327138543129,
            0.11995381861925125,
            0.010910894721746445,
            0.048165056854486465,
            0.014596296474337578,
            0.046111639589071274,
            0.031216565519571304,
            0.01265324279665947,
            0.008891860023140907,
            0.012679706327617168,
            0.01335276011377573,
            0.015172846615314484,
            0.0,
            0.04056965559720993,
            0.00815082062035799,
            0.0075909411534667015,
            0.03881344199180603,
            0.051416024565696716,
            0.1195344403386116
        ]
    },
    "mDice model": {
        "mIoU": 0.061720654368400574,
        "mDice": 0.09211438149213791,
        "mDice_no_bg": 0.06163117662072182,
        "accuracy": 0.7750170230865479,
        "mean_acc": 0.42436617612838745,
        "mean_acc_no_bg": 0.40883588790893555,
        "dice_per_class": [
            0.9151608943939209,
            0.054314929991960526,
            0.08469266444444656,
            0.17075449228286743,
            0.0,
            0.028714364394545555,
            0.04698346555233002,
            0.10705224424600601,
            7.157991058193147e-05,
            0.04709102213382721,
            0.2142120897769928,
            0.021586263552308083,
            0.09190357476472855,
            0.028772618621587753,
            0.08815816044807434,
            0.060543183237314224,
            0.024990277364850044,
            0.017626984044909477,
            0.025041887536644936,
            0.0263536274433136,
            0.029892144724726677,
            0.0,
            0.07797586172819138,
            0.016169844195246696,
            0.015067505650222301,
            0.07472649216651917,
            0.09780338406562805,
            0.2135431170463562
        ],
        "accuracy_per_class": [
            0.8436838984489441,
            0.02801530808210373,
            0.044451866298913956,
            0.8386699557304382,
            0.0,
            0.014581513591110706,
            0.5295337438583374,
            0.05717546120285988,
            3.582714271033183e-05,
            0.024216394871473312,
            0.9115687608718872,
            0.010931270197033882,
            0.5966836214065552,
            0.05639198422431946,
            0.948864221572876,
            0.0317431278526783,
            0.7805152535438538,
            0.41304346919059753,
            0.4187662899494171,
            0.5858947038650513,
            0.7257974147796631,
            0.0,
            0.9371849894523621,
            0.7536265850067139,
            0.007933598943054676,
            0.797277569770813,
            0.5619168281555176,
            0.9637496471405029
        ],
        "iou_per_class": [
            0.8435913324356079,
            0.027915582060813904,
            0.04421883821487427,
            0.09334695339202881,
            0.0,
            0.014566313475370407,
            0.024056870490312576,
            0.0565531961619854,
            3.579123585950583e-05,
            0.02411327138543129,
            0.11995381861925125,
            0.010910894721746445,
            0.048165056854486465,
            0.014596296474337578,
            0.046111639589071274,
            0.031216565519571304,
            0.01265324279665947,
            0.008891860023140907,
            0.012679706327617168,
            0.01335276011377573,
            0.015172846615314484,
            0.0,
            0.04056965559720993,
            0.00815082062035799,
            0.0075909411534667015,
            0.03881344199180603,
            0.051416024565696716,
            0.1195344403386116
        ]
    }
}