{
    "train_time": 15314.765856027603,
    "best loss model": {
        "mIoU": 0.3811296224594116,
        "mDice": 0.5044755935668945,
        "mDice_no_bg": 0.4863477647304535,
        "accuracy": 0.9699940085411072,
        "mean_acc": 0.47642478346824646,
        "mean_acc_no_bg": 0.45721012353897095,
        "dice_per_class": [
            0.993925929069519,
            0.5711091160774231,
            0.7323949337005615,
            0.6191962957382202,
            0.07767783850431442,
            0.7198782563209534,
            0.22854386270046234,
            0.8232148289680481,
            0.7051911354064941,
            0.6528158783912659,
            0.6681403517723083,
            0.8549522757530212,
            0.352838933467865,
            0.0,
            0.7050809264183044,
            0.6075316667556763,
            0.40177181363105774,
            0.44227007031440735,
            0.2582087814807892,
            0.06600730866193771,
            0.3606623411178589,
            0.0,
            0.6014760136604309,
            0.13970664143562317,
            0.7535864114761353,
            0.638871431350708,
            0.42898038029670715,
            0.7212824821472168
        ],
        "accuracy_per_class": [
            0.9952208995819092,
            0.5204599499702454,
            0.7345171570777893,
            0.7091481685638428,
            0.12611618638038635,
            0.6968128085136414,
            0.1531183123588562,
            0.8248392343521118,
            0.6878201961517334,
            0.6053614020347595,
            0.6336079835891724,
            0.8800541162490845,
            0.33127593994140625,
            0.0,
            0.6318792104721069,
            0.5016064643859863,
            0.2793338894844055,
            0.35093167424201965,
            0.158847376704216,
            0.034313175827264786,
            0.2557736039161682,
            0.0,
            0.5633077025413513,
            0.07887472957372665,
            0.7388371229171753,
            0.5688527822494507,
            0.3732874095439911,
            0.9056960344314575
        ],
        "iou_per_class": [
            0.9879251718521118,
            0.3996870219707489,
            0.5777784585952759,
            0.4484317898750305,
            0.040408335626125336,
            0.562351405620575,
            0.12901470065116882,
            0.6995455622673035,
            0.5446295142173767,
            0.48457807302474976,
            0.5016597509384155,
            0.7466520667076111,
            0.21421033143997192,
            0.0,
            0.544498085975647,
            0.43629834055900574,
            0.25138574838638306,
            0.2839196026325226,
            0.148243248462677,
            0.034130074083805084,
            0.22000491619110107,
            0.0,
            0.4300791621208191,
            0.07509925961494446,
            0.6046038269996643,
            0.4693688750267029,
            0.27305859327316284,
            0.5640671253204346
        ]
    },
    "mDice model": {
        "mIoU": 0.411058634519577,
        "mDice": 0.5386548042297363,
        "mDice_no_bg": 0.5217769145965576,
        "accuracy": 0.9713864922523499,
        "mean_acc": 0.5185365676879883,
        "mean_acc_no_bg": 0.5008753538131714,
        "dice_per_class": [
            0.9943583607673645,
            0.6069507598876953,
            0.7564684748649597,
            0.6673690676689148,
            0.23195771872997284,
            0.7348580956459045,
            0.3156528174877167,
            0.8290027379989624,
            0.7554994821548462,
            0.6617168188095093,
            0.6768686175346375,
            0.8558294177055359,
            0.3233007788658142,
            0.08447413891553879,
            0.7299244403839111,
            0.6282694339752197,
            0.45443183183670044,
            0.30961790680885315,
            0.29554516077041626,
            0.1357615888118744,
            0.41685357689857483,
            0.0,
            0.659280002117157,
            0.2410426288843155,
            0.7615086436271667,
            0.6534163951873779,
            0.46633532643318176,
            0.8360409140586853
        ],
        "accuracy_per_class": [
            0.9953901767730713,
            0.5916033983230591,
            0.7759429812431335,
            0.7102879285812378,
            0.3034031093120575,
            0.6962181329727173,
            0.27204421162605286,
            0.810173749923706,
            0.740117073059082,
            0.6106825470924377,
            0.6298663020133972,
            0.8784100413322449,
            0.3300083577632904,
            0.05679423734545708,
            0.6969798803329468,
            0.5112961530685425,
            0.3465643525123596,
            0.36490681767463684,
            0.21734723448753357,
            0.07790321111679077,
            0.3470193147659302,
            0.0,
            0.6368599534034729,
            0.1645621657371521,
            0.7575879693031311,
            0.6190727353096008,
            0.503184974193573,
            0.8747970461845398
        ],
        "iou_per_class": [
            0.9887800812721252,
            0.4356994330883026,
            0.6083226799964905,
            0.5007906556129456,
            0.13119466602802277,
            0.58085036277771,
            0.18740366399288177,
            0.7079459428787231,
            0.6070704460144043,
            0.49445199966430664,
            0.5115656852722168,
            0.7479910850524902,
            0.19281978905200958,
            0.04409971088171005,
            0.5747094750404358,
            0.45801228284835815,
            0.29402250051498413,
            0.18316446244716644,
            0.17339570820331573,
            0.0728241577744484,
            0.26330703496932983,
            0.0,
            0.4917357563972473,
            0.1370372176170349,
            0.6148679256439209,
            0.4852401316165924,
            0.3040660321712494,
            0.7182734608650208
        ]
    }
}