{
    "train_time": 8902.506110191345,
    "best loss model": {
        "mIoU": 0.0825265496969223,
        "mDice": 0.10628361999988556,
        "mDice_no_bg": 0.07434569299221039,
        "accuracy": 0.9028114080429077,
        "mean_acc": 0.18163426220417023,
        "mean_acc_no_bg": 0.15135231614112854,
        "dice_per_class": [
            0.9686073064804077,
            0.0,
            0.0,
            0.0,
            0.0,
            0.0,
            0.060942165553569794,
            0.0,
            0.0,
            0.0,
            0.0,
            1.2391173186188098e-05,
            0.08452246338129044,
            0.06208596006035805,
            0.0,
            0.0,
            0.33931928873062134,
            0.0,
            0.1853431612253189,
            0.107604019343853,
            0.146035835146904,
            0.0,
            0.0,
            0.09166745096445084,
            0.0,
            0.0,
            0.08689332008361816,
            0.8429077863693237
        ],
        "accuracy_per_class": [
            0.9992470741271973,
            0.0,
            0.0,
            0.0,
            0.0,
            0.0,
            0.37765002250671387,
            0.0,
            0.0,
            0.0,
            0.0,
            6.1958212427271064e-06,
            0.6257300972938538,
            0.15007853507995605,
            0.0,
            0.0,
            0.32189470529556274,
            0.0,
            0.20764552056789398,
            0.05867888778448105,
            0.5136313438415527,
            0.0,
            0.0,
            0.42949432134628296,
            0.0,
            0.0,
            0.5334832668304443,
            0.8682196140289307
        ],
        "iou_per_class": [
            0.939125657081604,
            0.0,
            0.0,
            0.0,
            0.0,
            0.0,
            0.0314287506043911,
            0.0,
            0.0,
            0.0,
            0.0,
            6.1956247918715235e-06,
            0.04412605240941048,
            0.03203752264380455,
            0.0,
            0.0,
            0.20432543754577637,
            0.0,
            0.1021367534995079,
            0.056861259043216705,
            0.0787695050239563,
            0.0,
            0.0,
            0.04803536459803581,
            0.0,
            0.0,
            0.04542000591754913,
            0.7284707427024841
        ]
    },
    "mDice model": {
        "mIoU": 0.07464355230331421,
        "mDice": 0.09865239262580872,
        "mDice_no_bg": 0.06650625914335251,
        "accuracy": 0.9027863144874573,
        "mean_acc": 0.17704971134662628,
        "mean_acc_no_bg": 0.14659161865711212,
        "dice_per_class": [
            0.9665979743003845,
            0.0,
            0.0,
            0.0,
            0.0,
            0.0,
            0.055351536720991135,
            0.0,
            0.0,
            0.0,
            0.0,
            0.0,
            0.09053720533847809,
            0.10266510397195816,
            0.0,
            0.0,
            0.14269359409809113,
            0.0,
            0.2229410707950592,
            0.09365373104810715,
            0.07695984095335007,
            0.0,
            0.0,
            0.12243989109992981,
            0.0,
            0.0,
            0.14758822321891785,
            0.7408388257026672
        ],
        "accuracy_per_class": [
            0.9994179010391235,
            0.0,
            0.0,
            0.0,
            0.0,
            0.0,
            0.33575108647346497,
            0.0,
            0.0,
            0.0,
            0.0,
            0.0,
            0.5395889282226562,
            0.48276060819625854,
            0.0,
            0.0,
            0.08530087769031525,
            0.0,
            0.21705763041973114,
            0.05946127325296402,
            0.594562292098999,
            0.0,
            0.0,
            0.32301637530326843,
            0.0,
            0.0,
            0.4166174530982971,
            0.9038569927215576
        ],
        "iou_per_class": [
            0.9353553652763367,
            0.0,
            0.0,
            0.0,
            0.0,
            0.0,
            0.028463518247008324,
            0.0,
            0.0,
            0.0,
            0.0,
            0.0,
            0.04741501435637474,
            0.05411016568541527,
            0.0,
            0.0,
            0.0768282487988472,
            0.0,
            0.1254550814628601,
            0.04912734404206276,
            0.04001988098025322,
            0.0,
            0.0,
            0.06521223485469818,
            0.0,
            0.0,
            0.07967355102300644,
            0.588358998298645
        ]
    }
}