{
    "train_time": 17228.98425269127,
    "best loss model": {
        "mIoU": 0.3982679545879364,
        "mDice": 0.5260318517684937,
        "mDice_no_bg": 0.5087077021598816,
        "accuracy": 0.9693613052368164,
        "mean_acc": 0.5064455270767212,
        "mean_acc_no_bg": 0.4883573651313782,
        "dice_per_class": [
            0.9937832951545715,
            0.5894411206245422,
            0.7343630194664001,
            0.5720263719558716,
            0.12391674518585205,
            0.7277019619941711,
            0.14027445018291473,
            0.8177611231803894,
            0.7246606349945068,
            0.6480339765548706,
            0.6724619269371033,
            0.8434033393859863,
            0.24409054219722748,
            0.4909922778606415,
            0.7288368940353394,
            0.6204656362533569,
            0.3657674193382263,
            0.4490644633769989,
            0.22138379514217377,
            0.06995756924152374,
            0.36749839782714844,
            0.0,
            0.6534042358398438,
            0.29982638359069824,
            0.7501130104064941,
            0.6612051129341125,
            0.41316527128219604,
            0.8052923679351807
        ],
        "accuracy_per_class": [
            0.9948252439498901,
            0.5517592430114746,
            0.7250962257385254,
            0.7872095704078674,
            0.1114569902420044,
            0.7383771538734436,
            0.11772024631500244,
            0.7912865877151489,
            0.7353377342224121,
            0.6175128817558289,
            0.6450889110565186,
            0.8562896251678467,
            0.21605925261974335,
            0.36595410108566284,
            0.7041817307472229,
            0.554518461227417,
            0.2570432424545288,
            0.3354037404060364,
            0.13806834816932678,
            0.03777802735567093,
            0.289193332195282,
            0.0,
            0.7402000427246094,
            0.20285429060459137,
            0.7196865081787109,
            0.613555908203125,
            0.46579787135124207,
            0.8682196140289307
        ],
        "iou_per_class": [
            0.987643301486969,
            0.4178777039051056,
            0.5802319645881653,
            0.4005860686302185,
            0.06605076789855957,
            0.5719587206840515,
            0.07542750239372253,
            0.6917054653167725,
            0.5682100653648376,
            0.47932711243629456,
            0.5065481066703796,
            0.7292112708091736,
            0.13901089131832123,
            0.3253742456436157,
            0.5733621716499329,
            0.44976454973220825,
            0.22381600737571716,
            0.2895442247390747,
            0.12446968257427216,
            0.0362466499209404,
            0.225113645195961,
            0.0,
            0.48522669076919556,
            0.1763504594564438,
            0.6001446843147278,
            0.4938807785511017,
            0.2603707015514374,
            0.6740497946739197
        ]
    },
    "mDice model": {
        "mIoU": 0.431761771440506,
        "mDice": 0.5652461647987366,
        "mDice_no_bg": 0.5493555665016174,
        "accuracy": 0.9717170000076294,
        "mean_acc": 0.5348023772239685,
        "mean_acc_no_bg": 0.517743706703186,
        "dice_per_class": [
            0.9942925572395325,
            0.6142596006393433,
            0.7677435874938965,
            0.6672350764274597,
            0.27070650458335876,
            0.7430393695831299,
            0.2922397553920746,
            0.8272421360015869,
            0.7464193105697632,
            0.65953129529953,
            0.6967146396636963,
            0.8522090315818787,
            0.2987581491470337,
            0.5068904757499695,
            0.7385249733924866,
            0.6411781907081604,
            0.48212873935699463,
            0.47864946722984314,
            0.27712196111679077,
            0.11515091359615326,
            0.3720550239086151,
            0.0,
            0.7043691873550415,
            0.35884568095207214,
            0.7638030052185059,
            0.6776779294013977,
            0.45426663756370544,
            0.8258385062217712
        ],
        "accuracy_per_class": [
            0.9953858256340027,
            0.6087477207183838,
            0.7751851081848145,
            0.7786428332328796,
            0.2826669216156006,
            0.7290330529212952,
            0.2683693766593933,
            0.8113821148872375,
            0.729573130607605,
            0.6312476396560669,
            0.6607686281204224,
            0.8654674291610718,
            0.28382062911987305,
            0.3702448010444641,
            0.7029426693916321,
            0.5424902439117432,
            0.3526584208011627,
            0.37422358989715576,
            0.18780770897865295,
            0.06460265815258026,
            0.2939539849758148,
            0.0,
            0.7160865664482117,
            0.2771480679512024,
            0.7579632997512817,
            0.6206644773483276,
            0.4422183036804199,
            0.8511713147163391
        ],
        "iou_per_class": [
            0.9886499047279358,
            0.44327178597450256,
            0.6230388283729553,
            0.5006397366523743,
            0.15654169023036957,
            0.5911396741867065,
            0.17112457752227783,
            0.7053818702697754,
            0.5954298377037048,
            0.49201545119285583,
            0.534583330154419,
            0.742477536201477,
            0.17561180889606476,
            0.3394864499568939,
            0.5854455828666687,
            0.4718632996082306,
            0.31763479113578796,
            0.3146214187145233,
            0.16084825992584229,
            0.061092909425497055,
            0.228542760014534,
            0.0,
            0.5436495542526245,
            0.21865443885326385,
            0.6178650856018066,
            0.5124908089637756,
            0.2938842177391052,
            0.7033432126045227
        ]
    }
}