{
    "train_time": 16023.916275262833,
    "best loss model": {
        "mIoU": 0.15194439888000488,
        "mDice": 0.2089512050151825,
        "mDice_no_bg": 0.1801484376192093,
        "accuracy": 0.9471099972724915,
        "mean_acc": 0.19384779036045074,
        "mean_acc_no_bg": 0.164240762591362,
        "dice_per_class": [
            0.9866260886192322,
            0.2766048014163971,
            0.5288277268409729,
            0.005629746709018946,
            0.0,
            0.44421809911727905,
            0.0,
            0.68841552734375,
            0.4940584897994995,
            0.3364379405975342,
            0.38651809096336365,
            0.7145123481750488,
            0.03148466721177101,
            0.0,
            0.007242914289236069,
            0.020466750487685204,
            0.0,
            0.0,
            0.0,
            0.0,
            0.023987822234630585,
            0.0,
            0.24893701076507568,
            0.0,
            0.55511873960495,
            0.10154739022254944,
            0.0,
            0.0
        ],
        "accuracy_per_class": [
            0.9932371973991394,
            0.25444501638412476,
            0.5164718627929688,
            0.0029827423859387636,
            0.0,
            0.4277923107147217,
            0.0,
            0.6974532008171082,
            0.42244499921798706,
            0.2647171914577484,
            0.32506370544433594,
            0.7650784254074097,
            0.016760146245360374,
            0.0,
            0.003717088373377919,
            0.010655604302883148,
            0.0,
            0.0,
            0.0,
            0.0,
            0.012419994920492172,
            0.0,
            0.16809754073619843,
            0.0,
            0.488508939743042,
            0.05789162591099739,
            0.0,
            0.0
        ],
        "iou_per_class": [
            0.9736050367355347,
            0.1604999303817749,
            0.35946011543273926,
            0.0028228191658854485,
            0.0,
            0.28552722930908203,
            0.0,
            0.5248731970787048,
            0.32807281613349915,
            0.2022394835948944,
            0.2395552694797516,
            0.5558298230171204,
            0.01599411852657795,
            0.0,
            0.0036346197593957186,
            0.010339180007576942,
            0.0,
            0.0,
            0.0,
            0.0,
            0.012139511294662952,
            0.0,
            0.14216336607933044,
            0.0,
            0.38419678807258606,
            0.0534895583987236,
            0.0,
            0.0
        ]
    },
    "mDice model": {
        "mIoU": 0.15004253387451172,
        "mDice": 0.20671620965003967,
        "mDice_no_bg": 0.17781928181648254,
        "accuracy": 0.9467619061470032,
        "mean_acc": 0.19084617495536804,
        "mean_acc_no_bg": 0.16114456951618195,
        "dice_per_class": [
            0.9869328141212463,
            0.2591567039489746,
            0.5169805884361267,
            0.003934761509299278,
            0.00031423356267623603,
            0.4423975944519043,
            0.0,
            0.6879397630691528,
            0.4902864396572113,
            0.282004714012146,
            0.39962053298950195,
            0.7090868353843689,
            0.03171282261610031,
            0.0,
            0.011497892439365387,
            0.02950192615389824,
            0.0001303462340729311,
            0.0,
            0.0,
            0.0,
            0.016990642994642258,
            0.0,
            0.2664306163787842,
            0.0,
            0.5456036329269409,
            0.10753074288368225,
            0.0,
            0.0
        ],
        "accuracy_per_class": [
            0.9927889108657837,
            0.22561712563037872,
            0.4950053095817566,
            0.0021233081351965666,
            0.00016122631495818496,
            0.4118916094303131,
            0.0,
            0.6847302913665771,
            0.40516197681427,
            0.20542167127132416,
            0.3651191294193268,
            0.7897704243659973,
            0.01670215278863907,
            0.0,
            0.006091894581913948,
            0.015607207082211971,
            6.517736619571224e-05,
            0.0,
            0.0,
            0.0,
            0.008664374239742756,
            0.0,
            0.1883430927991867,
            0.0,
            0.46870025992393494,
            0.06172746419906616,
            0.0,
            0.0
        ],
        "iou_per_class": [
            0.9742027521133423,
            0.14886848628520966,
            0.34860000014305115,
            0.001971258781850338,
            0.00015714147593826056,
            0.28402474522590637,
            0.0,
            0.5243203043937683,
            0.32475462555885315,
            0.16414755582809448,
            0.24970361590385437,
            0.5492908358573914,
            0.016111887991428375,
            0.0,
            0.005782187916338444,
            0.014971812255680561,
            6.517736619571224e-05,
            0.0,
            0.0,
            0.0,
            0.00856811087578535,
            0.0,
            0.15368904173374176,
            0.0,
            0.3751409351825714,
            0.0568203404545784,
            0.0,
            0.0
        ]
    }
}