{
    "train_time": 12270.688956022263,
    "best loss model": {
        "mIoU": 0.3282293677330017,
        "mDice": 0.4306778907775879,
        "mDice_no_bg": 0.4098460376262665,
        "accuracy": 0.9661341309547424,
        "mean_acc": 0.4025806784629822,
        "mean_acc_no_bg": 0.38064610958099365,
        "dice_per_class": [
            0.9931374192237854,
            0.4881187379360199,
            0.6947410702705383,
            0.5856871604919434,
            0.17007924616336823,
            0.6653732657432556,
            0.010784617625176907,
            0.8047372102737427,
            0.744796872138977,
            0.6206778883934021,
            0.6252998113632202,
            0.8281226754188538,
            0.2282300442457199,
            0.0,
            0.6483302116394043,
            0.5703880786895752,
            0.10472313314676285,
            0.08933717757463455,
            0.003036217764019966,
            0.0,
            0.23070961236953735,
            0.0,
            0.612148106098175,
            0.0,
            0.7205076813697815,
            0.5485634803771973,
            0.254642516374588,
            0.8168079257011414
        ],
        "accuracy_per_class": [
            0.9948128461837769,
            0.6272183060646057,
            0.7287231683731079,
            0.6150515675544739,
            0.09714505076408386,
            0.6238332986831665,
            0.0057099866680800915,
            0.78397536277771,
            0.7376629114151001,
            0.6294808983802795,
            0.5876318216323853,
            0.8442630171775818,
            0.1780320256948471,
            0.0,
            0.5226638913154602,
            0.4960651397705078,
            0.05720943212509155,
            0.048136647790670395,
            0.0015204170485958457,
            0.0,
            0.14960063993930817,
            0.0,
            0.5189090371131897,
            0.0,
            0.7059524059295654,
            0.4298091530799866,
            0.19353322684764862,
            0.6953179240226746
        ],
        "iou_per_class": [
            0.9863683581352234,
            0.3228552043437958,
            0.5322629809379578,
            0.4141142964363098,
            0.09294350445270538,
            0.4985463619232178,
            0.0054215434938669205,
            0.6732721924781799,
            0.5933676362037659,
            0.44998764991760254,
            0.45486268401145935,
            0.7066632509231567,
            0.1288147121667862,
            0.0,
            0.4796513020992279,
            0.3989810645580292,
            0.05525479093194008,
            0.04675716534256935,
            0.0015204170485958457,
            0.0,
            0.13039669394493103,
            0.0,
            0.4410759508609772,
            0.0,
            0.5631199479103088,
            0.377945214509964,
            0.1458970457315445,
            0.6903426647186279
        ]
    },
    "mDice model": {
        "mIoU": 0.37438857555389404,
        "mDice": 0.49330487847328186,
        "mDice_no_bg": 0.4747626781463623,
        "accuracy": 0.9682976007461548,
        "mean_acc": 0.4675951898097992,
        "mean_acc_no_bg": 0.44808194041252136,
        "dice_per_class": [
            0.9939436316490173,
            0.6120913624763489,
            0.7232611775398254,
            0.5150615572929382,
            0.04710802808403969,
            0.7301696538925171,
            0.22574745118618011,
            0.8171690702438354,
            0.7256761193275452,
            0.6307786107063293,
            0.6485344171524048,
            0.8309373259544373,
            0.2682807147502899,
            0.14649564027786255,
            0.7122595906257629,
            0.6335192322731018,
            0.19844916462898254,
            0.2527593672275543,
            0.21589916944503784,
            0.09572792798280716,
            0.3496352434158325,
            0.0,
            0.6648626327514648,
            0.23306791484355927,
            0.7579345703125,
            0.6208010315895081,
            0.31303155422210693,
            0.8493340611457825
        ],
        "accuracy_per_class": [
            0.9944530725479126,
            0.5290215611457825,
            0.7531975507736206,
            0.4131121039390564,
            0.028636272996664047,
            0.8044137954711914,
            0.15537530183792114,
            0.8164283633232117,
            0.7216696739196777,
            0.624444842338562,
            0.6216884851455688,
            0.8258845210075378,
            0.41600871086120605,
            0.0834578424692154,
            0.6300206780433655,
            0.5965104699134827,
            0.11259389668703079,
            0.3555900752544403,
            0.12525340914726257,
            0.05096680298447609,
            0.26187780499458313,
            0.0,
            0.7297856211662292,
            0.1461208611726761,
            0.7319543361663818,
            0.5389354228973389,
            0.263012170791626,
            0.7622519135475159
        ],
        "iou_per_class": [
            0.9879603385925293,
            0.4410170316696167,
            0.5664911270141602,
            0.3468571901321411,
            0.024122187867760658,
            0.5750135183334351,
            0.12723524868488312,
            0.6908587217330933,
            0.5694597363471985,
            0.4606841504573822,
            0.47987493872642517,
            0.7107722759246826,
            0.15492160618305206,
            0.07903711497783661,
            0.5531080961227417,
            0.46361374855041504,
            0.11015462875366211,
            0.1446620374917984,
            0.12101287394762039,
            0.050270091742277145,
            0.21185331046581268,
            0.0,
            0.4979732036590576,
            0.1319054216146469,
            0.6102211475372314,
            0.4501171112060547,
            0.18555861711502075,
            0.738123893737793
        ]
    }
}