{
    "train_time": 5790.430979967117,
    "best loss model": {
        "mIoU": 0.2432689070701599,
        "mDice": 0.33357709646224976,
        "mDice_no_bg": 0.3093167841434479,
        "accuracy": 0.955924928188324,
        "mean_acc": 0.31481069326400757,
        "mean_acc_no_bg": 0.28968432545661926,
        "dice_per_class": [
            0.9886059165000916,
            0.4186975955963135,
            0.6132702827453613,
            0.5281956791877747,
            0.15950624644756317,
            0.507118821144104,
            0.0,
            0.7441675662994385,
            0.6203728318214417,
            0.5536171197891235,
            0.527478814125061,
            0.7815690040588379,
            0.2386239767074585,
            0.0,
            0.2416934221982956,
            0.26849955320358276,
            0.0,
            0.0,
            0.0,
            0.0,
            0.0016109202988445759,
            0.0,
            0.44711050391197205,
            0.0,
            0.6083033680915833,
            0.3882399797439575,
            0.03079719841480255,
            0.672680675983429
        ],
        "accuracy_per_class": [
            0.9932220578193665,
            0.45842504501342773,
            0.5971043705940247,
            0.5835709571838379,
            0.2296123504638672,
            0.40902361273765564,
            0.0,
            0.7250171303749084,
            0.5553781986236572,
            0.527176558971405,
            0.5352840423583984,
            0.8019194006919861,
            0.1528567224740982,
            0.0,
            0.14389009773731232,
            0.17373210191726685,
            0.0,
            0.0,
            0.0,
            0.0,
            0.0008065200527198613,
            0.0,
            0.3903629183769226,
            0.0,
            0.5870472192764282,
            0.29876208305358887,
            0.016432728618383408,
            0.635074257850647
        ],
        "iou_per_class": [
            0.977468729019165,
            0.2647802233695984,
            0.4422421157360077,
            0.3588763177394867,
            0.08666491508483887,
            0.3396913707256317,
            0.0,
            0.5925691723823547,
            0.4496670067310333,
            0.3827597498893738,
            0.35821476578712463,
            0.6414552927017212,
            0.13547588884830475,
            0.0,
            0.13745805621147156,
            0.1550675481557846,
            0.0,
            0.0,
            0.0,
            0.0,
            0.0008061094558797777,
            0.0,
            0.287921667098999,
            0.0,
            0.4370947778224945,
            0.24087953567504883,
            0.015639424324035645,
            0.5067964196205139
        ]
    },
    "mDice model": {
        "mIoU": 0.2949863374233246,
        "mDice": 0.4041438400745392,
        "mDice_no_bg": 0.38241711258888245,
        "accuracy": 0.9606316685676575,
        "mean_acc": 0.3694052994251251,
        "mean_acc_no_bg": 0.34631484746932983,
        "dice_per_class": [
            0.990763247013092,
            0.4252728819847107,
            0.6542250514030457,
            0.41531720757484436,
            0.25428175926208496,
            0.6707971692085266,
            0.21741874516010284,
            0.7609371542930603,
            0.6786075830459595,
            0.5799238681793213,
            0.5924232602119446,
            0.7973950505256653,
            0.21599459648132324,
            0.27496209740638733,
            0.45617976784706116,
            0.43870967626571655,
            0.15337640047073364,
            0.0,
            0.004651162773370743,
            0.0,
            0.09590014070272446,
            0.0,
            0.4406145215034485,
            0.001421464141458273,
            0.6396098136901855,
            0.5014901757240295,
            0.29554513096809387,
            0.7602080702781677
        ],
        "accuracy_per_class": [
            0.9928467869758606,
            0.3617076873779297,
            0.6940390467643738,
            0.36096036434173584,
            0.30545490980148315,
            0.6650454998016357,
            0.1598237007856369,
            0.7689981460571289,
            0.6358067393302917,
            0.5655940175056458,
            0.5736607313156128,
            0.802089273929596,
            0.19917240738868713,
            0.15996932983398438,
            0.3355025351047516,
            0.3093557357788086,
            0.08549358695745468,
            0.0,
            0.0023310023825615644,
            0.0,
            0.05446133017539978,
            0.0,
            0.37397581338882446,
            0.000711237546056509,
            0.5957410931587219,
            0.4662257134914398,
            0.22532238066196442,
            0.6490588784217834
        ],
        "iou_per_class": [
            0.9816954135894775,
            0.27006131410598755,
            0.4861326217651367,
            0.26208221912384033,
            0.14566025137901306,
            0.5046612620353699,
            0.12196849286556244,
            0.6141231656074524,
            0.5135549306869507,
            0.40837523341178894,
            0.4208816885948181,
            0.6630565524101257,
            0.12107283622026443,
            0.15939481556415558,
            0.2954876124858856,
            0.28099173307418823,
            0.08305774629116058,
            0.0,
            0.0023310023825615644,
            0.0,
            0.05036507919430733,
            0.0,
            0.2825565040111542,
            0.000711237546056509,
            0.4701664447784424,
            0.33465924859046936,
            0.17339567840099335,
            0.6131739020347595
        ]
    }
}