{
    "train_time": 17275.65556025505,
    "best loss model": {
        "mIoU": 0.3808775842189789,
        "mDice": 0.5049363374710083,
        "mDice_no_bg": 0.48684418201446533,
        "accuracy": 0.9690330028533936,
        "mean_acc": 0.48039859533309937,
        "mean_acc_no_bg": 0.46133968234062195,
        "dice_per_class": [
            0.99342280626297,
            0.5513024926185608,
            0.7537421584129333,
            0.7411069869995117,
            0.25267019867897034,
            0.7043669819831848,
            0.19686295092105865,
            0.8197216391563416,
            0.7114527821540833,
            0.6360965967178345,
            0.6264765858650208,
            0.8411445021629333,
            0.2618902623653412,
            0.015164249576628208,
            0.6908333897590637,
            0.6294525265693665,
            0.35344159603118896,
            0.31928688287734985,
            0.31274738907814026,
            0.08204694092273712,
            0.3274398148059845,
            0.0,
            0.6954430341720581,
            0.14982597529888153,
            0.744452714920044,
            0.6074153184890747,
            0.4511829614639282,
            0.6692257523536682
        ],
        "accuracy_per_class": [
            0.9949902892112732,
            0.5382379293441772,
            0.7714295983314514,
            0.7305328845977783,
            0.20669212937355042,
            0.731927752494812,
            0.14351163804531097,
            0.7906514406204224,
            0.6999405026435852,
            0.5610931515693665,
            0.5719999074935913,
            0.8610161542892456,
            0.24316297471523285,
            0.008121672086417675,
            0.5954827070236206,
            0.5240157842636108,
            0.2267846316099167,
            0.3059006333351135,
            0.2088039368391037,
            0.04336649179458618,
            0.25215551257133484,
            0.0,
            0.6721240282058716,
            0.08216362446546555,
            0.7261695265769958,
            0.5829026103019714,
            0.4565809965133667,
            0.9214022755622864
        ],
        "iou_per_class": [
            0.9869316220283508,
            0.38055044412612915,
            0.6048043370246887,
            0.5886973738670349,
            0.14460361003875732,
            0.5436469912528992,
            0.10917802900075912,
            0.6945155262947083,
            0.5521355867385864,
            0.4663794934749603,
            0.4561091661453247,
            0.72584068775177,
            0.15067532658576965,
            0.0076400525867938995,
            0.5276894569396973,
            0.4592708647251129,
            0.21465475857257843,
            0.18997107446193695,
            0.1853589564561844,
            0.042778391391038895,
            0.19577163457870483,
            0.0,
            0.5330874919891357,
            0.08097939193248749,
            0.5929308533668518,
            0.43617841601371765,
            0.29130810499191284,
            0.5028845071792603
        ]
    },
    "mDice model": {
        "mIoU": 0.42780715227127075,
        "mDice": 0.5585314035415649,
        "mDice_no_bg": 0.5423959493637085,
        "accuracy": 0.971777617931366,
        "mean_acc": 0.5261473059654236,
        "mean_acc_no_bg": 0.508773684501648,
        "dice_per_class": [
            0.9941877126693726,
            0.5741111636161804,
            0.765956461429596,
            0.7669926881790161,
            0.15209990739822388,
            0.7333130240440369,
            0.18679098784923553,
            0.8249433040618896,
            0.7281946539878845,
            0.6523593068122864,
            0.675382137298584,
            0.8631208539009094,
            0.43251436948776245,
            0.423918753862381,
            0.7479828000068665,
            0.6420462727546692,
            0.4465670585632324,
            0.32774388790130615,
            0.3577648103237152,
            0.1769961416721344,
            0.37553203105926514,
            0.0,
            0.6502892971038818,
            0.3497861623764038,
            0.7618166208267212,
            0.6687548160552979,
            0.4860862195491791,
            0.8736268281936646
        ],
        "accuracy_per_class": [
            0.9952358603477478,
            0.5770631432533264,
            0.7687552571296692,
            0.7996185421943665,
            0.13602539896965027,
            0.7111272811889648,
            0.12578368186950684,
            0.8171910643577576,
            0.7283120155334473,
            0.6120520234107971,
            0.6903715133666992,
            0.8765862584114075,
            0.43797171115875244,
            0.3010573387145996,
            0.7178626656532288,
            0.5350679159164429,
            0.33023741841316223,
            0.3338509202003479,
            0.2707066237926483,
            0.10517492145299911,
            0.30008992552757263,
            0.0,
            0.6485768556594849,
            0.23057496547698975,
            0.753531277179718,
            0.621082603931427,
            0.4662747383117676,
            0.841943085193634
        ],
        "iou_per_class": [
            0.988442599773407,
            0.4026339054107666,
            0.6206883788108826,
            0.6220503449440002,
            0.08230958878993988,
            0.5789220333099365,
            0.10301680117845535,
            0.7020455002784729,
            0.5725677013397217,
            0.4840750992298126,
            0.509869396686554,
            0.7592020034790039,
            0.2759287655353546,
            0.2689701318740845,
            0.5974221229553223,
            0.4728042185306549,
            0.28747108578681946,
            0.19598905742168427,
            0.21785235404968262,
            0.09709038585424423,
            0.2311723232269287,
            0.0,
            0.48179903626441956,
            0.21196414530277252,
            0.6152696013450623,
            0.5023528337478638,
            0.32107919454574585,
            0.7756105065345764
        ]
    }
}