{
    "train_time": 4835.291433334351,
    "best loss model": {
        "mIoU": 0.09266465157270432,
        "mDice": 0.1416458934545517,
        "mDice_no_bg": 0.11184604465961456,
        "accuracy": 0.8319345712661743,
        "mean_acc": 0.4410107433795929,
        "mean_acc_no_bg": 0.4240684509277344,
        "dice_per_class": [
            0.9462417960166931,
            0.10093933343887329,
            0.08212263882160187,
            0.11591996997594833,
            0.0,
            0.04249252751469612,
            0.07164259254932404,
            0.22222058475017548,
            0.15079444646835327,
            0.2521633505821228,
            0.3050205707550049,
            0.30573949217796326,
            0.10537268966436386,
            0.019958792254328728,
            0.09440349787473679,
            0.16349461674690247,
            0.028186528012156487,
            0.04047780483961105,
            0.019397543743252754,
            0.05397350341081619,
            0.04007943719625473,
            0.0,
            0.09849527478218079,
            0.016162823885679245,
            0.036503031849861145,
            0.14281517267227173,
            0.0811670646071434,
            0.4302999973297119
        ],
        "accuracy_per_class": [
            0.8984523415565491,
            0.05380547419190407,
            0.04327630251646042,
            0.6590206027030945,
            0.0,
            0.02177404798567295,
            0.3661143183708191,
            0.129314124584198,
            0.0854799747467041,
            0.1547136902809143,
            0.8931217789649963,
            0.1830282360315323,
            0.6986570358276367,
            0.08470290899276733,
            0.927516758441925,
            0.09616479277610779,
            0.8609440922737122,
            0.6024844646453857,
            0.4254995584487915,
            0.5708058476448059,
            0.7006083130836487,
            0.0,
            0.9214246273040771,
            0.7942679524421692,
            0.02053658664226532,
            0.8403025269508362,
            0.35091066360473633,
            0.9653732776641846
        ],
        "iou_per_class": [
            0.8979687690734863,
            0.05315224081277847,
            0.0428195483982563,
            0.06152603030204773,
            0.0,
            0.02170746587216854,
            0.037152133882045746,
            0.12499895691871643,
            0.08154553174972534,
            0.14427168667316437,
            0.17995533347129822,
            0.1804560124874115,
            0.055616579949855804,
            0.010079988278448582,
            0.04954012855887413,
            0.0890248492360115,
            0.01429472304880619,
            0.020656976848840714,
            0.009793759323656559,
            0.027735237032175064,
            0.020449522882699966,
            0.0,
            0.05179859325289726,
            0.008147252723574638,
            0.01859082654118538,
            0.07689874619245529,
            0.04230022430419922,
            0.27412882447242737
        ]
    },
    "mDice model": {
        "mIoU": 0.09266465157270432,
        "mDice": 0.1416458934545517,
        "mDice_no_bg": 0.11184604465961456,
        "accuracy": 0.8319345712661743,
        "mean_acc": 0.4410107433795929,
        "mean_acc_no_bg": 0.4240684509277344,
        "dice_per_class": [
            0.9462417960166931,
            0.10093933343887329,
            0.08212263882160187,
            0.11591996997594833,
            0.0,
            0.04249252751469612,
            0.07164259254932404,
            0.22222058475017548,
            0.15079444646835327,
            0.2521633505821228,
            0.3050205707550049,
            0.30573949217796326,
            0.10537268966436386,
            0.019958792254328728,
            0.09440349787473679,
            0.16349461674690247,
            0.028186528012156487,
            0.04047780483961105,
            0.019397543743252754,
            0.05397350341081619,
            0.04007943719625473,
            0.0,
            0.09849527478218079,
            0.016162823885679245,
            0.036503031849861145,
            0.14281517267227173,
            0.0811670646071434,
            0.4302999973297119
        ],
        "accuracy_per_class": [
            0.8984523415565491,
            0.05380547419190407,
            0.04327630251646042,
            0.6590206027030945,
            0.0,
            0.02177404798567295,
            0.3661143183708191,
            0.129314124584198,
            0.0854799747467041,
            0.1547136902809143,
            0.8931217789649963,
            0.1830282360315323,
            0.6986570358276367,
            0.08470290899276733,
            0.927516758441925,
            0.09616479277610779,
            0.8609440922737122,
            0.6024844646453857,
            0.4254995584487915,
            0.5708058476448059,
            0.7006083130836487,
            0.0,
            0.9214246273040771,
            0.7942679524421692,
            0.02053658664226532,
            0.8403025269508362,
            0.35091066360473633,
            0.9653732776641846
        ],
        "iou_per_class": [
            0.8979687690734863,
            0.05315224081277847,
            0.0428195483982563,
            0.06152603030204773,
            0.0,
            0.02170746587216854,
            0.037152133882045746,
            0.12499895691871643,
            0.08154553174972534,
            0.14427168667316437,
            0.17995533347129822,
            0.1804560124874115,
            0.055616579949855804,
            0.010079988278448582,
            0.04954012855887413,
            0.0890248492360115,
            0.01429472304880619,
            0.020656976848840714,
            0.009793759323656559,
            0.027735237032175064,
            0.020449522882699966,
            0.0,
            0.05179859325289726,
            0.008147252723574638,
            0.01859082654118538,
            0.07689874619245529,
            0.04230022430419922,
            0.27412882447242737
        ]
    }
}