{
    "train_time": 3093.585808992386,
    "best loss model": {
        "mIoU": 0.09249582141637802,
        "mDice": 0.1402638554573059,
        "mDice_no_bg": 0.11047034710645676,
        "accuracy": 0.8202070593833923,
        "mean_acc": 0.35769978165626526,
        "mean_acc_no_bg": 0.33777132630348206,
        "dice_per_class": [
            0.9446883797645569,
            0.22070921957492828,
            0.2254747599363327,
            0.45933976769447327,
            0.005002251826226711,
            0.19873575866222382,
            0.0573619045317173,
            0.2716059386730194,
            0.023370884358882904,
            0.12365681678056717,
            0.09210795909166336,
            0.16153305768966675,
            0.13762784004211426,
            0.032637860625982285,
            0.21504682302474976,
            0.011204700917005539,
            0.016189657151699066,
            0.0,
            0.010446397587656975,
            0.014752876944839954,
            0.0197155624628067,
            0.0,
            0.2756592929363251,
            0.010678441263735294,
            0.009204638190567493,
            0.09601373225450516,
            0.0549914725124836,
            0.23963172733783722
        ],
        "accuracy_per_class": [
            0.8957679867744446,
            0.13515260815620422,
            0.13007013499736786,
            0.37992507219314575,
            0.003236928256228566,
            0.11410165578126907,
            0.4663380980491638,
            0.16475233435630798,
            0.01195551734417677,
            0.06914707273244858,
            0.049195196479558945,
            0.08911214768886566,
            0.6170269250869751,
            0.6800942420959473,
            0.1289364993572235,
            0.0058361804112792015,
            0.8237441182136536,
            0.0,
            0.6656530499458313,
            0.7448306679725647,
            0.9266648888587952,
            0.0,
            0.20149844884872437,
            0.8687966465950012,
            0.004863147623836994,
            0.05240269750356674,
            0.8468644618988037,
            0.9396268725395203
        ],
        "iou_per_class": [
            0.8951749801635742,
            0.12404336780309677,
            0.12706202268600464,
            0.29814475774765015,
            0.0025073972065001726,
            0.11033126711845398,
            0.02952783741056919,
            0.1571435183286667,
            0.011823605746030807,
            0.06590308994054794,
            0.048277344554662704,
            0.08786290884017944,
            0.07389921694993973,
            0.016589656472206116,
            0.1204775720834732,
            0.005633913446217775,
            0.008160889148712158,
            0.0,
            0.005250623915344477,
            0.007431254722177982,
            0.00995592400431633,
            0.0,
            0.15986359119415283,
            0.005367881152778864,
            0.0046235984191298485,
            0.050427742302417755,
            0.028273126110434532,
            0.13612590730190277
        ]
    },
    "mDice model": {
        "mIoU": 0.09249582141637802,
        "mDice": 0.1402638554573059,
        "mDice_no_bg": 0.11047034710645676,
        "accuracy": 0.8202070593833923,
        "mean_acc": 0.35769978165626526,
        "mean_acc_no_bg": 0.33777132630348206,
        "dice_per_class": [
            0.9446883797645569,
            0.22070921957492828,
            0.2254747599363327,
            0.45933976769447327,
            0.005002251826226711,
            0.19873575866222382,
            0.0573619045317173,
            0.2716059386730194,
            0.023370884358882904,
            0.12365681678056717,
            0.09210795909166336,
            0.16153305768966675,
            0.13762784004211426,
            0.032637860625982285,
            0.21504682302474976,
            0.011204700917005539,
            0.016189657151699066,
            0.0,
            0.010446397587656975,
            0.014752876944839954,
            0.0197155624628067,
            0.0,
            0.2756592929363251,
            0.010678441263735294,
            0.009204638190567493,
            0.09601373225450516,
            0.0549914725124836,
            0.23963172733783722
        ],
        "accuracy_per_class": [
            0.8957679867744446,
            0.13515260815620422,
            0.13007013499736786,
            0.37992507219314575,
            0.003236928256228566,
            0.11410165578126907,
            0.4663380980491638,
            0.16475233435630798,
            0.01195551734417677,
            0.06914707273244858,
            0.049195196479558945,
            0.08911214768886566,
            0.6170269250869751,
            0.6800942420959473,
            0.1289364993572235,
            0.0058361804112792015,
            0.8237441182136536,
            0.0,
            0.6656530499458313,
            0.7448306679725647,
            0.9266648888587952,
            0.0,
            0.20149844884872437,
            0.8687966465950012,
            0.004863147623836994,
            0.05240269750356674,
            0.8468644618988037,
            0.9396268725395203
        ],
        "iou_per_class": [
            0.8951749801635742,
            0.12404336780309677,
            0.12706202268600464,
            0.29814475774765015,
            0.0025073972065001726,
            0.11033126711845398,
            0.02952783741056919,
            0.1571435183286667,
            0.011823605746030807,
            0.06590308994054794,
            0.048277344554662704,
            0.08786290884017944,
            0.07389921694993973,
            0.016589656472206116,
            0.1204775720834732,
            0.005633913446217775,
            0.008160889148712158,
            0.0,
            0.005250623915344477,
            0.007431254722177982,
            0.00995592400431633,
            0.0,
            0.15986359119415283,
            0.005367881152778864,
            0.0046235984191298485,
            0.050427742302417755,
            0.028273126110434532,
            0.13612590730190277
        ]
    }
}