{
    "train_time": 31401.58087992668,
    "best loss model": {
        "mIoU": 0.35462233424186707,
        "mDice": 0.4734225869178772,
        "mDice_no_bg": 0.45418617129325867,
        "accuracy": 0.9673423171043396,
        "mean_acc": 0.4450468420982361,
        "mean_acc_no_bg": 0.4247058033943176,
        "dice_per_class": [
            0.9928052425384521,
            0.5427292585372925,
            0.7260133624076843,
            0.6505483388900757,
            0.18916535377502441,
            0.689703643321991,
            0.2424684315919876,
            0.7973390221595764,
            0.7191529870033264,
            0.657410204410553,
            0.6450225710868835,
            0.8406518697738647,
            0.24539810419082642,
            0.4511522352695465,
            0.6042062640190125,
            0.5490468740463257,
            0.3152291476726532,
            0.0,
            0.07197623699903488,
            0.05975623056292534,
            0.27346235513687134,
            0.0018905922770500183,
            0.5842979550361633,
            0.0,
            0.6919651031494141,
            0.5939546227455139,
            0.3976846933364868,
            0.7228009104728699
        ],
        "accuracy_per_class": [
            0.9942554235458374,
            0.4831019639968872,
            0.7346936464309692,
            0.7223154306411743,
            0.2048814296722412,
            0.6614894270896912,
            0.17319007217884064,
            0.8001668453216553,
            0.6613152623176575,
            0.6327862739562988,
            0.6513959169387817,
            0.8562832474708557,
            0.24983222782611847,
            0.3298088312149048,
            0.48425400257110596,
            0.42975232005119324,
            0.23496440052986145,
            0.0,
            0.03772082179784775,
            0.030960097908973694,
            0.1923089176416397,
            0.0009461905574426055,
            0.6793387532234192,
            0.0,
            0.6585131287574768,
            0.49458634853363037,
            0.2938869595527649,
            0.7685642242431641
        ],
        "iou_per_class": [
            0.9857133030891418,
            0.3724285364151001,
            0.569875180721283,
            0.4820834696292877,
            0.10446307808160782,
            0.5263722538948059,
            0.13795964419841766,
            0.662979006767273,
            0.5614667534828186,
            0.48965829610824585,
            0.4760393798351288,
            0.7251073718070984,
            0.13985970616340637,
            0.2912825047969818,
            0.43287646770477295,
            0.37840425968170166,
            0.18710505962371826,
            0.0,
            0.03733161464333534,
            0.030798310413956642,
            0.15838772058486938,
            0.0009461905574426055,
            0.41272664070129395,
            0.0,
            0.5290111899375916,
            0.4224292039871216,
            0.24819378554821014,
            0.5659265518188477
        ]
    },
    "mDice model": {
        "mIoU": 0.3940431773662567,
        "mDice": 0.514408528804779,
        "mDice_no_bg": 0.4966643750667572,
        "accuracy": 0.9690269827842712,
        "mean_acc": 0.48763421177864075,
        "mean_acc_no_bg": 0.4688667058944702,
        "dice_per_class": [
            0.993499755859375,
            0.5593135952949524,
            0.7373036742210388,
            0.7004560828208923,
            0.23377814888954163,
            0.7151548862457275,
            0.2663375735282898,
            0.8069954514503479,
            0.72206050157547,
            0.660494863986969,
            0.6468267440795898,
            0.8425484299659729,
            0.23652347922325134,
            0.6849609017372131,
            0.6554173827171326,
            0.6287373900413513,
            0.3845295011997223,
            0.09028727561235428,
            0.1073312908411026,
            0.11236660182476044,
            0.2759118378162384,
            0.005333770997822285,
            0.6778664588928223,
            0.03342238441109657,
            0.7334091067314148,
            0.6360269784927368,
            0.38385021686553955,
            0.872692883014679
        ],
        "accuracy_per_class": [
            0.9943565726280212,
            0.5434775948524475,
            0.7564634680747986,
            0.6570995450019836,
            0.2972269058227539,
            0.6925103068351746,
            0.17746292054653168,
            0.8107905983924866,
            0.6919188499450684,
            0.6648898124694824,
            0.6080363988876343,
            0.8609897494316101,
            0.21096409857273102,
            0.6359038949012756,
            0.5619772672653198,
            0.5820928812026978,
            0.266575425863266,
            0.05124223604798317,
            0.07732406258583069,
            0.060020118951797485,
            0.17998413741588593,
            0.0026740168686956167,
            0.7307596206665039,
            0.017266694456338882,
            0.7318094372749329,
            0.5523051023483276,
            0.3426261246204376,
            0.8950097560882568
        ],
        "iou_per_class": [
            0.9870834946632385,
            0.3882271349430084,
            0.5839121341705322,
            0.5390015244483948,
            0.132360577583313,
            0.5566079020500183,
            0.15362712740898132,
            0.6764395236968994,
            0.5650193095207214,
            0.4930886924266815,
            0.47800731658935547,
            0.7279341220855713,
            0.13412341475486755,
            0.5208673477172852,
            0.4874504506587982,
            0.4585098624229431,
            0.23802942037582397,
            0.047277938574552536,
            0.05670896917581558,
            0.059527769684791565,
            0.16003349423408508,
            0.0026740168686956167,
            0.5127065181732178,
            0.016995202749967575,
            0.5790417790412903,
            0.4663046896457672,
            0.23750907182693481,
            0.7741394639015198
        ]
    }
}