{
    "train_time": 13623.195400476456,
    "best loss model": {
        "mIoU": 0.34390196204185486,
        "mDice": 0.45202773809432983,
        "mDice_no_bg": 0.431979238986969,
        "accuracy": 0.9680314660072327,
        "mean_acc": 0.4137954115867615,
        "mean_acc_no_bg": 0.39226412773132324,
        "dice_per_class": [
            0.9933364391326904,
            0.5244707465171814,
            0.731086790561676,
            0.5408744812011719,
            0.24578732252120972,
            0.6812326908111572,
            0.08106972277164459,
            0.8156105875968933,
            0.6867237687110901,
            0.6614539623260498,
            0.651155948638916,
            0.8333383202552795,
            0.19762331247329712,
            0.18393756449222565,
            0.636675238609314,
            0.6156164407730103,
            0.21834011375904083,
            0.0,
            0.0,
            0.0,
            0.23815226554870605,
            0.0,
            0.6448944211006165,
            0.0,
            0.7310989499092102,
            0.6048842072486877,
            0.33716511726379395,
            0.8022482395172119
        ],
        "accuracy_per_class": [
            0.9951398968696594,
            0.49368876218795776,
            0.7313234806060791,
            0.49044740200042725,
            0.2397807389497757,
            0.6833686828613281,
            0.051168039441108704,
            0.80973881483078,
            0.6267026662826538,
            0.5957427024841309,
            0.6973091959953308,
            0.8567512631416321,
            0.152175173163414,
            0.10427920520305634,
            0.4962829053401947,
            0.5004982352256775,
            0.12626485526561737,
            0.0,
            0.0,
            0.0,
            0.16618883609771729,
            0.0,
            0.5981640219688416,
            0.0,
            0.7332320809364319,
            0.5250416994094849,
            0.23547540605068207,
            0.6775075197219849
        ],
        "iou_per_class": [
            0.9867609739303589,
            0.35544586181640625,
            0.576151967048645,
            0.37068402767181396,
            0.14011262357234955,
            0.5165677666664124,
            0.04224735125899315,
            0.6886338591575623,
            0.5229088664054871,
            0.4941585659980774,
            0.48275110125541687,
            0.7142930626869202,
            0.10964595526456833,
            0.1012837216258049,
            0.46700188517570496,
            0.4446863532066345,
            0.12254870682954788,
            0.0,
            0.0,
            0.0,
            0.13517187535762787,
            0.0,
            0.47589975595474243,
            0.0,
            0.5761670470237732,
            0.4335727393627167,
            0.20276522636413574,
            0.6697950959205627
        ]
    },
    "mDice model": {
        "mIoU": 0.422218918800354,
        "mDice": 0.5489919185638428,
        "mDice_no_bg": 0.5324940085411072,
        "accuracy": 0.9721482992172241,
        "mean_acc": 0.504105269908905,
        "mean_acc_no_bg": 0.485919713973999,
        "dice_per_class": [
            0.9944357872009277,
            0.6389864683151245,
            0.7614208459854126,
            0.7212684750556946,
            0.2711707353591919,
            0.7258062958717346,
            0.31875479221343994,
            0.8347939252853394,
            0.7211317420005798,
            0.66639244556427,
            0.6744154095649719,
            0.8565182089805603,
            0.35611021518707275,
            0.47725123167037964,
            0.7361836433410645,
            0.7315987348556519,
            0.4157106280326843,
            0.13852813839912415,
            0.1823805421590805,
            0.08228643238544464,
            0.38318824768066406,
            0.0,
            0.7082979679107666,
            0.2618756592273712,
            0.7709988951683044,
            0.6443240642547607,
            0.45506569743156433,
            0.8428795337677002
        ],
        "accuracy_per_class": [
            0.9951154589653015,
            0.6008639335632324,
            0.8072233200073242,
            0.6016774773597717,
            0.1888580173254013,
            0.7426496148109436,
            0.2285345047712326,
            0.8454558253288269,
            0.71345454454422,
            0.6327805519104004,
            0.6517750024795532,
            0.8745659589767456,
            0.29544833302497864,
            0.318871408700943,
            0.6729220151901245,
            0.6401191353797913,
            0.29551416635513306,
            0.14906832575798035,
            0.12807703018188477,
            0.04392533749341965,
            0.3140968084335327,
            0.0,
            0.6856871247291565,
            0.21401304006576538,
            0.7666579484939575,
            0.5733827352523804,
            0.36816295981407166,
            0.7660459280014038
        ],
        "iou_per_class": [
            0.9889331459999084,
            0.4694931209087372,
            0.6147534847259521,
            0.5640499591827393,
            0.15685224533081055,
            0.5696200132369995,
            0.18959446251392365,
            0.7164345979690552,
            0.5638827085494995,
            0.49969154596328735,
            0.5087683200836182,
            0.7490440011024475,
            0.21662656962871552,
            0.3134142756462097,
            0.5825084447860718,
            0.5767881274223328,
            0.2623956501483917,
            0.07441860437393188,
            0.1003403291106224,
            0.04290861263871193,
            0.2370023876428604,
            0.0,
            0.5483447313308716,
            0.15066567063331604,
            0.6273378729820251,
            0.4752788543701172,
            0.2945534288883209,
            0.7284285426139832
        ]
    }
}