{
    "train_time": 8881.560038089752,
    "best loss model": {
        "mIoU": 0.14320191740989685,
        "mDice": 0.2008020281791687,
        "mDice_no_bg": 0.17232580482959747,
        "accuracy": 0.909949541091919,
        "mean_acc": 0.31340092420578003,
        "mean_acc_no_bg": 0.2880270481109619,
        "dice_per_class": [
            0.969659686088562,
            7.578245276818052e-05,
            0.0006568511016666889,
            0.26815277338027954,
            0.0,
            0.0,
            0.09696279466152191,
            0.0,
            0.0,
            2.0907937141600996e-05,
            0.6185352802276611,
            0.0019402545876801014,
            0.20401033759117126,
            0.018858440220355988,
            0.7339643836021423,
            0.0,
            0.33485373854637146,
            0.027345309033989906,
            0.20501932501792908,
            0.08192720264196396,
            0.08225813508033752,
            0.0,
            0.47545209527015686,
            0.16547447443008423,
            0.0,
            0.3903917968273163,
            0.30796775221824646,
            0.6389291882514954
        ],
        "accuracy_per_class": [
            0.9984956383705139,
            3.789266338571906e-05,
            0.0003285898419562727,
            0.8142978549003601,
            0.0,
            0.0,
            0.46156367659568787,
            0.0,
            0.0,
            1.0454077710164711e-05,
            0.6715702414512634,
            0.0009710693848319352,
            0.6628252863883972,
            0.011856874451041222,
            0.6614868640899658,
            0.0,
            0.29367291927337646,
            0.425465852022171,
            0.1363307237625122,
            0.043142952024936676,
            0.6079344153404236,
            0.0,
            0.8336580395698547,
            0.49521347880363464,
            0.0,
            0.6515073180198669,
            0.4358341097831726,
            0.5690215229988098
        ],
        "iou_per_class": [
            0.9411064386367798,
            3.789266338571906e-05,
            0.00032853346783667803,
            0.1548362821340561,
            0.0,
            0.0,
            0.050951603800058365,
            0.0,
            0.0,
            1.0454077710164711e-05,
            0.44773873686790466,
            0.0009710693848319352,
            0.11359215527772903,
            0.00951897632330656,
            0.5797343850135803,
            0.0,
            0.20109568536281586,
            0.01386218797415495,
            0.11421812325716019,
            0.042713288217782974,
            0.04289322718977928,
            0.0,
            0.31186431646347046,
            0.09020014852285385,
            0.0,
            0.24253839254379272,
            0.18201057612895966,
            0.4694312810897827
        ]
    },
    "mDice model": {
        "mIoU": 0.13444402813911438,
        "mDice": 0.19189463555812836,
        "mDice_no_bg": 0.16291730105876923,
        "accuracy": 0.9100586771965027,
        "mean_acc": 0.3337012231349945,
        "mean_acc_no_bg": 0.30909842252731323,
        "dice_per_class": [
            0.9742828607559204,
            0.0,
            0.0,
            0.24362431466579437,
            0.0,
            0.0,
            0.10363998264074326,
            0.0,
            0.0,
            0.0,
            0.4292926490306854,
            0.0,
            0.11184541136026382,
            0.1819279044866562,
            0.7506935596466064,
            0.0,
            0.24303831160068512,
            0.047206293791532516,
            0.22050106525421143,
            0.17241379618644714,
            0.11534807831048965,
            0.0,
            0.29348304867744446,
            0.1460932046175003,
            0.0,
            0.5016041994094849,
            0.2475263625383377,
            0.5905288457870483
        ],
        "accuracy_per_class": [
            0.9979749321937561,
            0.0,
            0.0,
            0.7376105785369873,
            0.0,
            0.0,
            0.25901347398757935,
            0.0,
            0.0,
            0.0,
            0.8303834199905396,
            0.0,
            0.41211485862731934,
            0.28582921624183655,
            0.719437301158905,
            0.0,
            0.3021296560764313,
            0.5496894121170044,
            0.36895453929901123,
            0.10897507518529892,
            0.6082941293716431,
            0.0,
            0.7723720669746399,
            0.3177894055843353,
            0.0,
            0.5912043452262878,
            0.5596962571144104,
            0.9221644401550293
        ],
        "iou_per_class": [
            0.9498552680015564,
            0.0,
            0.0,
            0.13870854675769806,
            0.0,
            0.0,
            0.05465206131339073,
            0.0,
            0.0,
            0.0,
            0.27331167459487915,
            0.0,
            0.05923530459403992,
            0.10006638616323471,
            0.6008882522583008,
            0.0,
            0.13832874596118927,
            0.02417372353374958,
            0.12391187995672226,
            0.09433962404727936,
            0.06120391935110092,
            0.0,
            0.17197780311107635,
            0.07880288362503052,
            0.0,
            0.3347608149051666,
            0.14124397933483124,
            0.4189719259738922
        ]
    }
}