{
    "train_time": 13953.78644323349,
    "best loss model": {
        "mIoU": 0.23944862186908722,
        "mDice": 0.3309606909751892,
        "mDice_no_bg": 0.30655866861343384,
        "accuracy": 0.9571704268455505,
        "mean_acc": 0.2937590777873993,
        "mean_acc_no_bg": 0.2678331434726715,
        "dice_per_class": [
            0.9898151159286499,
            0.3830947279930115,
            0.6132482886314392,
            0.04915540665388107,
            0.18876086175441742,
            0.5804980993270874,
            0.023754512891173363,
            0.7334257364273071,
            0.617724597454071,
            0.5285675525665283,
            0.5140936970710754,
            0.7879324555397034,
            0.16929833590984344,
            0.24380704760551453,
            0.36381104588508606,
            0.2999647259712219,
            0.013000519946217537,
            0.0,
            0.0,
            0.0,
            0.05631879344582558,
            0.0,
            0.3977701961994171,
            0.0,
            0.6032374501228333,
            0.3463160991668701,
            0.08301766216754913,
            0.680286169052124
        ],
        "accuracy_per_class": [
            0.9937589168548584,
            0.3507542610168457,
            0.658767819404602,
            0.026474105194211006,
            0.11912443488836288,
            0.559560239315033,
            0.012719400227069855,
            0.697228729724884,
            0.5796520113945007,
            0.4750917851924896,
            0.43802425265312195,
            0.8332226276397705,
            0.12267757207155228,
            0.14340490102767944,
            0.2346864938735962,
            0.19078706204891205,
            0.006546216085553169,
            0.0,
            0.0,
            0.0,
            0.029756346717476845,
            0.0,
            0.37654054164886475,
            0.0,
            0.5570868253707886,
            0.2444305419921875,
            0.051894329488277435,
            0.5230646729469299
        ],
        "iou_per_class": [
            0.9798357486724854,
            0.23693084716796875,
            0.44221922755241394,
            0.025196988135576248,
            0.10421641916036606,
            0.4089449346065521,
            0.012020020745694637,
            0.5790625810623169,
            0.4468896687030792,
            0.3592197597026825,
            0.34597986936569214,
            0.6500731110572815,
            0.09247729182243347,
            0.13882702589035034,
            0.22235271334648132,
            0.17644616961479187,
            0.006542789749801159,
            0.0,
            0.0,
            0.0,
            0.02897532284259796,
            0.0,
            0.24826037883758545,
            0.0,
            0.4318825900554657,
            0.20942097902297974,
            0.04330642893910408,
            0.515480101108551
        ]
    },
    "mDice model": {
        "mIoU": 0.2741691470146179,
        "mDice": 0.3772468864917755,
        "mDice_no_bg": 0.3545217216014862,
        "accuracy": 0.9584841728210449,
        "mean_acc": 0.3485068082809448,
        "mean_acc_no_bg": 0.32464393973350525,
        "dice_per_class": [
            0.9908269047737122,
            0.4703635573387146,
            0.6171197295188904,
            0.13672694563865662,
            0.10482078045606613,
            0.5967390537261963,
            0.18471619486808777,
            0.7654491066932678,
            0.6668974161148071,
            0.5337162017822266,
            0.5869240164756775,
            0.7926135063171387,
            0.13804464042186737,
            0.28623273968696594,
            0.4830382466316223,
            0.38866162300109863,
            0.04359672963619232,
            0.12996390461921692,
            0.0,
            0.0,
            0.13171428442001343,
            0.0,
            0.4641665518283844,
            0.0,
            0.6349093914031982,
            0.4534161388874054,
            0.23291586339473724,
            0.7293390035629272
        ],
        "accuracy_per_class": [
            0.9928035736083984,
            0.43196478486061096,
            0.6217285394668579,
            0.1211664080619812,
            0.17084430158138275,
            0.5555185079574585,
            0.14493930339813232,
            0.7500318884849548,
            0.637230396270752,
            0.523615837097168,
            0.5868697762489319,
            0.8204247951507568,
            0.11420214921236038,
            0.1875,
            0.3691767454147339,
            0.2752458155155182,
            0.022518983110785484,
            0.1090909093618393,
            0.0,
            0.0,
            0.07827489823102951,
            0.0,
            0.39469802379608154,
            0.0,
            0.5885987281799316,
            0.40616270899772644,
            0.20692114531993866,
            0.648661196231842
        ],
        "iou_per_class": [
            0.9818204641342163,
            0.3075002133846283,
            0.4462567865848541,
            0.07337997853755951,
            0.05530916526913643,
            0.42525166273117065,
            0.10175610333681107,
            0.6200222969055176,
            0.5002596378326416,
            0.36399245262145996,
            0.4153520464897156,
            0.6564704179763794,
            0.07413960248231888,
            0.16701960563659668,
            0.318424791097641,
            0.24120423197746277,
            0.022284122183918953,
            0.06949806958436966,
            0.0,
            0.0,
            0.07050007581710815,
            0.0,
            0.3022245466709137,
            0.0,
            0.46510419249534607,
            0.293172687292099,
            0.13180802762508392,
            0.573983907699585
        ]
    }
}