{
    "train_time": 25134.259756326675,
    "best loss model": {
        "mIoU": 0.2987944781780243,
        "mDice": 0.39799121022224426,
        "mDice_no_bg": 0.3759668171405792,
        "accuracy": 0.9642198085784912,
        "mean_acc": 0.36142638325691223,
        "mean_acc_no_bg": 0.3379535377025604,
        "dice_per_class": [
            0.9926491975784302,
            0.37329456210136414,
            0.6604733467102051,
            0.45080241560935974,
            0.06013140454888344,
            0.6574686765670776,
            0.09145427495241165,
            0.7870131731033325,
            0.6953521370887756,
            0.594402015209198,
            0.5871533751487732,
            0.8174972534179688,
            0.20322568714618683,
            0.0,
            0.5889165997505188,
            0.4710064232349396,
            0.07864367961883545,
            0.0,
            0.0,
            0.07528363913297653,
            0.11854930222034454,
            0.0,
            0.5746075510978699,
            0.0,
            0.7025255560874939,
            0.5201143026351929,
            0.2373443841934204,
            0.8058441877365112
        ],
        "accuracy_per_class": [
            0.9951930642127991,
            0.24266040325164795,
            0.6645323634147644,
            0.42500171065330505,
            0.044039588421583176,
            0.6295961141586304,
            0.05295240879058838,
            0.7454943060874939,
            0.6180038452148438,
            0.537193238735199,
            0.6054525375366211,
            0.8769690990447998,
            0.15029866993427277,
            0.0,
            0.44494062662124634,
            0.3442227840423584,
            0.04225122556090355,
            0.0,
            0.0,
            0.03967810422182083,
            0.06639513373374939,
            0.0,
            0.5893126130104065,
            0.0,
            0.6622800827026367,
            0.44938698410987854,
            0.18223097920417786,
            0.7118526101112366
        ],
        "iou_per_class": [
            0.9854055643081665,
            0.2294788956642151,
            0.4930647313594818,
            0.2909909188747406,
            0.03099766932427883,
            0.48972317576408386,
            0.047918304800987244,
            0.648822546005249,
            0.5329806804656982,
            0.42288196086883545,
            0.4155818223953247,
            0.6913279891014099,
            0.11310584843158722,
            0.0,
            0.4173506796360016,
            0.3080499768257141,
            0.0409313328564167,
            0.0,
            0.0,
            0.039114147424697876,
            0.06300951540470123,
            0.0,
            0.40312233567237854,
            0.0,
            0.5414561629295349,
            0.3514557182788849,
            0.13465158641338348,
            0.6748232841491699
        ]
    },
    "mDice model": {
        "mIoU": 0.34763652086257935,
        "mDice": 0.45597031712532043,
        "mDice_no_bg": 0.43605783581733704,
        "accuracy": 0.967762291431427,
        "mean_acc": 0.42807450890541077,
        "mean_acc_no_bg": 0.40708866715431213,
        "dice_per_class": [
            0.9936056137084961,
            0.5312842726707458,
            0.6972420811653137,
            0.5900751352310181,
            0.08385223150253296,
            0.6786108613014221,
            0.12551449239253998,
            0.8149020075798035,
            0.734978437423706,
            0.6604042053222656,
            0.6262995004653931,
            0.8479748368263245,
            0.22482243180274963,
            0.0,
            0.672238290309906,
            0.5338745713233948,
            0.2872394621372223,
            0.1985522210597992,
            0.0852913185954094,
            0.08533827215433121,
            0.18354593217372894,
            0.0,
            0.6773380637168884,
            0.005739049054682255,
            0.7272728681564331,
            0.5713366270065308,
            0.2799636423587799,
            0.8498713374137878
        ],
        "accuracy_per_class": [
            0.9946905970573425,
            0.46850278973579407,
            0.7095997333526611,
            0.5978353023529053,
            0.10580166429281235,
            0.6626620888710022,
            0.07191497087478638,
            0.8018360137939453,
            0.7298884391784668,
            0.6936936378479004,
            0.6682218313217163,
            0.8622689247131348,
            0.17064613103866577,
            0.0,
            0.5761744976043701,
            0.4225638508796692,
            0.17447979748249054,
            0.14906832575798035,
            0.04546770825982094,
            0.046384263783693314,
            0.11371594667434692,
            0.0,
            0.6308344006538391,
            0.002877782331779599,
            0.6951874494552612,
            0.51728355884552,
            0.2180451601743698,
            0.8564398884773254
        ],
        "iou_per_class": [
            0.9872925281524658,
            0.36173391342163086,
            0.5352045893669128,
            0.41851532459259033,
            0.043760836124420166,
            0.5135586857795715,
            0.0669594332575798,
            0.6876241564750671,
            0.5810007452964783,
            0.49298766255378723,
            0.4559214115142822,
            0.7360731363296509,
            0.12664784491062164,
            0.0,
            0.5062943696975708,
            0.36413976550102234,
            0.16770556569099426,
            0.11021813750267029,
            0.04454532638192177,
            0.044570937752723694,
            0.10104627907276154,
            0.0,
            0.5121021866798401,
            0.002877782331779599,
            0.5714287757873535,
            0.3999099135398865,
            0.16276611387729645,
            0.7389358878135681
        ]
    }
}