{
    "train_time": 20148.832083702087,
    "best loss model": {
        "mIoU": 0.31326040625572205,
        "mDice": 0.41806766390800476,
        "mDice_no_bg": 0.39677098393440247,
        "accuracy": 0.9670262336730957,
        "mean_acc": 0.3785560727119446,
        "mean_acc_no_bg": 0.35572320222854614,
        "dice_per_class": [
            0.9930780529975891,
            0.5181930065155029,
            0.7059624195098877,
            0.5177242755889893,
            0.2408766746520996,
            0.6848360896110535,
            0.1227797120809555,
            0.8004136681556702,
            0.7501975893974304,
            0.6430718302726746,
            0.6399075388908386,
            0.8387320041656494,
            0.21608223021030426,
            0.0005475451471284032,
            0.5448822379112244,
            0.5232908129692078,
            0.07969515770673752,
            0.049450550228357315,
            0.0,
            0.009478673338890076,
            0.17123469710350037,
            0.0,
            0.5570918321609497,
            0.0,
            0.7073891162872314,
            0.5154948830604553,
            0.2786477506160736,
            0.5968357920646667
        ],
        "accuracy_per_class": [
            0.9950426816940308,
            0.5122477412223816,
            0.7609302401542664,
            0.4387159049510956,
            0.20145848393440247,
            0.6651173233985901,
            0.07190532237291336,
            0.7884483337402344,
            0.7601516246795654,
            0.6045897006988525,
            0.6393285393714905,
            0.8578100800514221,
            0.178922638297081,
            0.00028732328792102635,
            0.3887454867362976,
            0.41445013880729675,
            0.0417461022734642,
            0.027950311079621315,
            0.0,
            0.004806080367416143,
            0.10224808007478714,
            0.0,
            0.4364940822124481,
            0.0,
            0.6922968029975891,
            0.4029415547847748,
            0.18699245154857635,
            0.4259418845176697
        ],
        "iou_per_class": [
            0.9862512350082397,
            0.34970343112945557,
            0.5455501675605774,
            0.3492766320705414,
            0.1369299441576004,
            0.5207229852676392,
            0.06540506333112717,
            0.6672413945198059,
            0.6002529263496399,
            0.4739173352718353,
            0.4704882800579071,
            0.722255289554596,
            0.1211279034614563,
            0.00027384754503145814,
            0.3744592070579529,
            0.354362815618515,
            0.041501302272081375,
            0.0253521129488945,
            0.0,
            0.004761904943734407,
            0.09363404661417007,
            0.0,
            0.38608962297439575,
            0.0,
            0.5472559928894043,
            0.3472503423690796,
            0.16187724471092224,
            0.4253499209880829
        ]
    },
    "mDice model": {
        "mIoU": 0.359537810087204,
        "mDice": 0.46706870198249817,
        "mDice_no_bg": 0.4475579559803009,
        "accuracy": 0.9692033529281616,
        "mean_acc": 0.43897899985313416,
        "mean_acc_no_bg": 0.4184053838253021,
        "dice_per_class": [
            0.9938587546348572,
            0.5369621515274048,
            0.721663773059845,
            0.6052052974700928,
            0.13824261724948883,
            0.7117326855659485,
            0.026973260566592216,
            0.8296979069709778,
            0.7453194260597229,
            0.6672148704528809,
            0.6359739899635315,
            0.850609302520752,
            0.22751301527023315,
            0.17460840940475464,
            0.677931010723114,
            0.6008672118186951,
            0.19334232807159424,
            0.10186335444450378,
            0.09205740690231323,
            0.07345160096883774,
            0.22447489202022552,
            0.0,
            0.6649768352508545,
            0.019045406952500343,
            0.7385846972465515,
            0.587758481502533,
            0.34587740898132324,
            0.8921170830726624
        ],
        "accuracy_per_class": [
            0.9944664239883423,
            0.4532594084739685,
            0.7829289436340332,
            0.5636877417564392,
            0.14590981602668762,
            0.6633359789848328,
            0.014516097493469715,
            0.8246761560440063,
            0.7177609205245972,
            0.6770402789115906,
            0.6516005396842957,
            0.8739950656890869,
            0.16063395142555237,
            0.13676588237285614,
            0.5830923914909363,
            0.49172359704971313,
            0.10850401967763901,
            0.06366459280252457,
            0.05039096623659134,
            0.03956633433699608,
            0.143020361661911,
            0.0,
            0.6581531763076782,
            0.009631761349737644,
            0.7285801768302917,
            0.5229091048240662,
            0.37744390964508057,
            0.854153573513031
        ],
        "iou_per_class": [
            0.987792432308197,
            0.36701861023902893,
            0.5645335912704468,
            0.4339028000831604,
            0.07425383478403091,
            0.5524728298187256,
            0.013671006076037884,
            0.7089604735374451,
            0.5940312147140503,
            0.5006169676780701,
            0.46624770760536194,
            0.7400524020195007,
            0.12835806608200073,
            0.09565532207489014,
            0.5127803683280945,
            0.429456889629364,
            0.10701658576726913,
            0.0536649227142334,
            0.048249565064907074,
            0.038126010447740555,
            0.1264273226261139,
            0.0,
            0.4981013238430023,
            0.009614257141947746,
            0.5855206847190857,
            0.4161883294582367,
            0.20910023152828217,
            0.8052449226379395
        ]
    }
}