{
    "train_time": 25942.877823591232,
    "best loss model": {
        "mIoU": 0.12565356492996216,
        "mDice": 0.17747004330158234,
        "mDice_no_bg": 0.1476553976535797,
        "accuracy": 0.9384893178939819,
        "mean_acc": 0.15789946913719177,
        "mean_acc_no_bg": 0.1270161271095276,
        "dice_per_class": [
            0.9824654459953308,
            0.13084976375102997,
            0.443725049495697,
            0.30793893337249756,
            0.16642504930496216,
            0.34518754482269287,
            0.0,
            0.5576429963111877,
            0.34969577193260193,
            0.22587274014949799,
            0.19203943014144897,
            0.6839705109596252,
            0.0,
            0.0,
            0.0,
            0.0071581387892365456,
            0.0,
            0.0,
            0.0,
            0.0,
            0.0,
            0.0,
            0.07907489687204361,
            0.0,
            0.46651551127433777,
            0.030599381774663925,
            0.0,
            0.0
        ],
        "accuracy_per_class": [
            0.9917495846748352,
            0.103969044983387,
            0.4280208647251129,
            0.19818921387195587,
            0.10108889639377594,
            0.3061518371105194,
            0.0,
            0.5640149116516113,
            0.25265300273895264,
            0.15226173400878906,
            0.13745902478694916,
            0.7473548650741577,
            0.0,
            0.0,
            0.0,
            0.0036399869713932276,
            0.0,
            0.0,
            0.0,
            0.0,
            0.0,
            0.0,
            0.04546329751610756,
            0.0,
            0.37265744805336,
            0.01651139371097088,
            0.0,
            0.0
        ],
        "iou_per_class": [
            0.9655354619026184,
            0.07000494748353958,
            0.2851199507713318,
            0.18199044466018677,
            0.0907653421163559,
            0.20859616994857788,
            0.0,
            0.3866192400455475,
            0.21189776062965393,
            0.12731485068798065,
            0.10621881484985352,
            0.5197227597236633,
            0.0,
            0.0,
            0.0,
            0.003591925138607621,
            0.0,
            0.0,
            0.0,
            0.0,
            0.0,
            0.0,
            0.04116500914096832,
            0.0,
            0.3042192757129669,
            0.01553740818053484,
            0.0,
            0.0
        ]
    },
    "mDice model": {
        "mIoU": 0.1256379783153534,
        "mDice": 0.17775003612041473,
        "mDice_no_bg": 0.14794345200061798,
        "accuracy": 0.9383528828620911,
        "mean_acc": 0.15727078914642334,
        "mean_acc_no_bg": 0.12635493278503418,
        "dice_per_class": [
            0.9825276732444763,
            0.13342998921871185,
            0.4385019838809967,
            0.3302883505821228,
            0.17916466295719147,
            0.3465961813926697,
            0.0,
            0.5538528561592102,
            0.334889680147171,
            0.23090475797653198,
            0.20093679428100586,
            0.6794785857200623,
            0.0,
            0.0,
            0.0,
            0.006435380782932043,
            0.0,
            0.0,
            0.0,
            0.0,
            0.0,
            0.0,
            0.0766894519329071,
            0.0,
            0.4588014483451843,
            0.024502893909811974,
            0.0,
            0.0
        ],
        "accuracy_per_class": [
            0.9919988512992859,
            0.10694151371717453,
            0.41744744777679443,
            0.215607687830925,
            0.1085549145936966,
            0.31624776124954224,
            0.0,
            0.5408399701118469,
            0.23525892198085785,
            0.16054801642894745,
            0.1434878408908844,
            0.7441765666007996,
            0.0,
            0.0,
            0.0,
            0.0032637871336191893,
            0.0,
            0.0,
            0.0,
            0.0,
            0.0,
            0.0,
            0.04368508607149124,
            0.0,
            0.36256110668182373,
            0.012962684035301208,
            0.0,
            0.0
        ],
        "iou_per_class": [
            0.965655505657196,
            0.0714840516448021,
            0.2808213531970978,
            0.19781160354614258,
            0.09839695692062378,
            0.20962585508823395,
            0.0,
            0.3829851448535919,
            0.20112161338329315,
            0.13052138686180115,
            0.11168968677520752,
            0.5145533084869385,
            0.0,
            0.0,
            0.0,
            0.0032280771993100643,
            0.0,
            0.0,
            0.0,
            0.0,
            0.0,
            0.0,
            0.039873670786619186,
            0.0,
            0.29769131541252136,
            0.012403407134115696,
            0.0,
            0.0
        ]
    }
}