{
    "train_time": 8105.886071205139,
    "best loss model": {
        "mIoU": 0.27438756823539734,
        "mDice": 0.37663140892982483,
        "mDice_no_bg": 0.35384127497673035,
        "accuracy": 0.9597249031066895,
        "mean_acc": 0.34908685088157654,
        "mean_acc_no_bg": 0.32522955536842346,
        "dice_per_class": [
            0.9919647574424744,
            0.4014715254306793,
            0.6059788465499878,
            0.381104052066803,
            0.0,
            0.5881468653678894,
            0.0,
            0.7542147040367126,
            0.6511185169219971,
            0.5416735410690308,
            0.5530856251716614,
            0.7898135185241699,
            0.13416141271591187,
            0.0,
            0.6468368172645569,
            0.4966675043106079,
            0.12151449918746948,
            0.14016172289848328,
            0.03327507898211479,
            0.11612389236688614,
            0.17296633124351501,
            0.0,
            0.4346511662006378,
            0.0,
            0.7022933959960938,
            0.5160796642303467,
            0.2165495902299881,
            0.5558263659477234
        ],
        "accuracy_per_class": [
            0.9932337999343872,
            0.37734144926071167,
            0.5292407274246216,
            0.24802720546722412,
            0.0,
            0.5654173493385315,
            0.0,
            0.8146655559539795,
            0.5707836747169495,
            0.5557834506034851,
            0.5916126370429993,
            0.8373739123344421,
            0.08205678313970566,
            0.0,
            0.5750903487205505,
            0.4587705433368683,
            0.0714343935251236,
            0.08074533939361572,
            0.017231393605470657,
            0.06516150385141373,
            0.11168473958969116,
            0.0,
            0.3395079970359802,
            0.0,
            0.7750977277755737,
            0.5312777161598206,
            0.16543419659137726,
            0.4174591600894928
        ],
        "iou_per_class": [
            0.984057605266571,
            0.2511506974697113,
            0.4346984922885895,
            0.23540984094142914,
            0.0,
            0.41657793521881104,
            0.0,
            0.6054130792617798,
            0.48270994424819946,
            0.3714350461959839,
            0.3822517991065979,
            0.6526378393173218,
            0.07190408557653427,
            0.0,
            0.47801831364631653,
            0.3303776681423187,
            0.06468748301267624,
            0.07536231726408005,
            0.016919029876589775,
            0.061640940606594086,
            0.09467057883739471,
            0.0,
            0.2776704728603363,
            0.0,
            0.541180431842804,
            0.3477812707424164,
            0.1214217022061348,
            0.3848750591278076
        ]
    },
    "mDice model": {
        "mIoU": 0.27438756823539734,
        "mDice": 0.37663140892982483,
        "mDice_no_bg": 0.35384127497673035,
        "accuracy": 0.9597249031066895,
        "mean_acc": 0.34908685088157654,
        "mean_acc_no_bg": 0.32522955536842346,
        "dice_per_class": [
            0.9919647574424744,
            0.4014715254306793,
            0.6059788465499878,
            0.381104052066803,
            0.0,
            0.5881468653678894,
            0.0,
            0.7542147040367126,
            0.6511185169219971,
            0.5416735410690308,
            0.5530856251716614,
            0.7898135185241699,
            0.13416141271591187,
            0.0,
            0.6468368172645569,
            0.4966675043106079,
            0.12151449918746948,
            0.14016172289848328,
            0.03327507898211479,
            0.11612389236688614,
            0.17296633124351501,
            0.0,
            0.4346511662006378,
            0.0,
            0.7022933959960938,
            0.5160796642303467,
            0.2165495902299881,
            0.5558263659477234
        ],
        "accuracy_per_class": [
            0.9932337999343872,
            0.37734144926071167,
            0.5292407274246216,
            0.24802720546722412,
            0.0,
            0.5654173493385315,
            0.0,
            0.8146655559539795,
            0.5707836747169495,
            0.5557834506034851,
            0.5916126370429993,
            0.8373739123344421,
            0.08205678313970566,
            0.0,
            0.5750903487205505,
            0.4587705433368683,
            0.0714343935251236,
            0.08074533939361572,
            0.017231393605470657,
            0.06516150385141373,
            0.11168473958969116,
            0.0,
            0.3395079970359802,
            0.0,
            0.7750977277755737,
            0.5312777161598206,
            0.16543419659137726,
            0.4174591600894928
        ],
        "iou_per_class": [
            0.984057605266571,
            0.2511506974697113,
            0.4346984922885895,
            0.23540984094142914,
            0.0,
            0.41657793521881104,
            0.0,
            0.6054130792617798,
            0.48270994424819946,
            0.3714350461959839,
            0.3822517991065979,
            0.6526378393173218,
            0.07190408557653427,
            0.0,
            0.47801831364631653,
            0.3303776681423187,
            0.06468748301267624,
            0.07536231726408005,
            0.016919029876589775,
            0.061640940606594086,
            0.09467057883739471,
            0.0,
            0.2776704728603363,
            0.0,
            0.541180431842804,
            0.3477812707424164,
            0.1214217022061348,
            0.3848750591278076
        ]
    }
}