{
    "train_time": 14731.876708507538,
    "best loss model": {
        "mIoU": 0.24516937136650085,
        "mDice": 0.3370898962020874,
        "mDice_no_bg": 0.31287553906440735,
        "accuracy": 0.9572890400886536,
        "mean_acc": 0.31129080057144165,
        "mean_acc_no_bg": 0.28608375787734985,
        "dice_per_class": [
            0.9908773899078369,
            0.2858949601650238,
            0.5983094573020935,
            0.05383680388331413,
            0.0004056262841913849,
            0.5971627831459045,
            0.0,
            0.7524027228355408,
            0.6378882527351379,
            0.5182633996009827,
            0.5457305908203125,
            0.7661538124084473,
            0.07137861847877502,
            0.0,
            0.6151013374328613,
            0.44260475039482117,
            0.06642157584428787,
            0.11944444477558136,
            0.009511456824839115,
            0.1676989048719406,
            0.07115838676691055,
            0.0,
            0.4332367181777954,
            0.0,
            0.6666510105133057,
            0.47218528389930725,
            0.14826960861682892,
            0.4079288840293884
        ],
        "accuracy_per_class": [
            0.9918802380561829,
            0.20416145026683807,
            0.5492261648178101,
            0.027887951582670212,
            0.00021083440515212715,
            0.6009199023246765,
            0.0,
            0.7582495808601379,
            0.5708983540534973,
            0.4500965178012848,
            0.5388511419296265,
            0.8648510575294495,
            0.03974217548966408,
            0.0,
            0.4915333092212677,
            0.4011712968349457,
            0.035032834857702255,
            0.06677018851041794,
            0.00477845361456275,
            0.09835699200630188,
            0.038709335029125214,
            0.0,
            0.3804861307144165,
            0.0,
            0.7680928111076355,
            0.47115594148635864,
            0.10651018470525742,
            0.25656914710998535
        ],
        "iou_per_class": [
            0.9819195866584778,
            0.16678963601589203,
            0.426848441362381,
            0.02766304649412632,
            0.00020285428036004305,
            0.4256821870803833,
            0.0,
            0.6030814051628113,
            0.46830832958221436,
            0.3497675359249115,
            0.37526100873947144,
            0.6209475994110107,
            0.037010177969932556,
            0.0,
            0.444148987531662,
            0.28419551253318787,
            0.03435163199901581,
            0.06351550668478012,
            0.00477845361456275,
            0.0915236622095108,
            0.03689177334308624,
            0.0,
            0.27651703357696533,
            0.0,
            0.49998238682746887,
            0.3090592622756958,
            0.08007083833217621,
            0.2562252879142761
        ]
    },
    "mDice model": {
        "mIoU": 0.24516937136650085,
        "mDice": 0.3370898962020874,
        "mDice_no_bg": 0.31287553906440735,
        "accuracy": 0.9572890400886536,
        "mean_acc": 0.31129080057144165,
        "mean_acc_no_bg": 0.28608375787734985,
        "dice_per_class": [
            0.9908773899078369,
            0.2858949601650238,
            0.5983094573020935,
            0.05383680388331413,
            0.0004056262841913849,
            0.5971627831459045,
            0.0,
            0.7524027228355408,
            0.6378882527351379,
            0.5182633996009827,
            0.5457305908203125,
            0.7661538124084473,
            0.07137861847877502,
            0.0,
            0.6151013374328613,
            0.44260475039482117,
            0.06642157584428787,
            0.11944444477558136,
            0.009511456824839115,
            0.1676989048719406,
            0.07115838676691055,
            0.0,
            0.4332367181777954,
            0.0,
            0.6666510105133057,
            0.47218528389930725,
            0.14826960861682892,
            0.4079288840293884
        ],
        "accuracy_per_class": [
            0.9918802380561829,
            0.20416145026683807,
            0.5492261648178101,
            0.027887951582670212,
            0.00021083440515212715,
            0.6009199023246765,
            0.0,
            0.7582495808601379,
            0.5708983540534973,
            0.4500965178012848,
            0.5388511419296265,
            0.8648510575294495,
            0.03974217548966408,
            0.0,
            0.4915333092212677,
            0.4011712968349457,
            0.035032834857702255,
            0.06677018851041794,
            0.00477845361456275,
            0.09835699200630188,
            0.038709335029125214,
            0.0,
            0.3804861307144165,
            0.0,
            0.7680928111076355,
            0.47115594148635864,
            0.10651018470525742,
            0.25656914710998535
        ],
        "iou_per_class": [
            0.9819195866584778,
            0.16678963601589203,
            0.426848441362381,
            0.02766304649412632,
            0.00020285428036004305,
            0.4256821870803833,
            0.0,
            0.6030814051628113,
            0.46830832958221436,
            0.3497675359249115,
            0.37526100873947144,
            0.6209475994110107,
            0.037010177969932556,
            0.0,
            0.444148987531662,
            0.28419551253318787,
            0.03435163199901581,
            0.06351550668478012,
            0.00477845361456275,
            0.0915236622095108,
            0.03689177334308624,
            0.0,
            0.27651703357696533,
            0.0,
            0.49998238682746887,
            0.3090592622756958,
            0.08007083833217621,
            0.2562252879142761
        ]
    }
}