{
    "train_time": 25166.36068701744,
    "best loss model": {
        "mIoU": 0.3288938105106354,
        "mDice": 0.4301813542842865,
        "mDice_no_bg": 0.4093310832977295,
        "accuracy": 0.9667141437530518,
        "mean_acc": 0.40458279848098755,
        "mean_acc_no_bg": 0.38272908329963684,
        "dice_per_class": [
            0.9931387305259705,
            0.49563339352607727,
            0.7021710276603699,
            0.5806538462638855,
            0.12565390765666962,
            0.6838777661323547,
            0.008273479528725147,
            0.8079344630241394,
            0.7481096386909485,
            0.645238995552063,
            0.6188775300979614,
            0.8364412188529968,
            0.20519818365573883,
            0.0,
            0.6367105841636658,
            0.5291271209716797,
            0.22344084084033966,
            0.0,
            0.005871402099728584,
            0.09332375973463058,
            0.23936380445957184,
            0.0,
            0.631935179233551,
            0.00023489342129323632,
            0.7093765735626221,
            0.5498971939086914,
            0.14377039670944214,
            0.8308239579200745
        ],
        "accuracy_per_class": [
            0.9946324825286865,
            0.5539360046386719,
            0.6790976524353027,
            0.48577338457107544,
            0.1350952535867691,
            0.6854962706565857,
            0.004388587549328804,
            0.7877066135406494,
            0.764053225517273,
            0.68879634141922,
            0.6543580293655396,
            0.8536657691001892,
            0.14326073229312897,
            0.0,
            0.5060402750968933,
            0.39803969860076904,
            0.12913265824317932,
            0.0,
            0.0029684333130717278,
            0.050855036824941635,
            0.15650886297225952,
            0.0,
            0.5821034908294678,
            0.00011746050586225465,
            0.6788384914398193,
            0.4972485601902008,
            0.07979188859462738,
            0.816412091255188
        ],
        "iou_per_class": [
            0.9863712191581726,
            0.3294631838798523,
            0.5410351157188416,
            0.4090995192527771,
            0.06703879684209824,
            0.5196157097816467,
            0.004153923597186804,
            0.677760124206543,
            0.5975840091705322,
            0.47627514600753784,
            0.44809746742248535,
            0.7188646197319031,
            0.11432915925979614,
            0.0,
            0.46703991293907166,
            0.359736829996109,
            0.1257716864347458,
            0.0,
            0.0029443446546792984,
            0.04894578456878662,
            0.13595302402973175,
            0.0,
            0.46191906929016113,
            0.00011746050586225465,
            0.5496386885643005,
            0.37921255826950073,
            0.07745292037725449,
            0.7106063961982727
        ]
    },
    "mDice model": {
        "mIoU": 0.36490312218666077,
        "mDice": 0.4774736762046814,
        "mDice_no_bg": 0.4583459198474884,
        "accuracy": 0.96916264295578,
        "mean_acc": 0.45488691329956055,
        "mean_acc_no_bg": 0.4348982274532318,
        "dice_per_class": [
            0.9939229488372803,
            0.5995264053344727,
            0.7312173247337341,
            0.5725401639938354,
            0.18344058096408844,
            0.717231810092926,
            0.17431208491325378,
            0.8322689533233643,
            0.7274664640426636,
            0.6580505967140198,
            0.6431556940078735,
            0.843819797039032,
            0.22974465787410736,
            0.09210225939750671,
            0.6836300492286682,
            0.602206826210022,
            0.3998487591743469,
            0.09034543484449387,
            0.08711099624633789,
            0.10317697376012802,
            0.2786193788051605,
            0.0,
            0.6480454802513123,
            0.01771756075322628,
            0.7346956133842468,
            0.6068937182426453,
            0.26354968547821045,
            0.8546225428581238
        ],
        "accuracy_per_class": [
            0.9945808053016663,
            0.5961357951164246,
            0.7495772838592529,
            0.5704758763313293,
            0.2513890266418457,
            0.6786959767341614,
            0.10093751549720764,
            0.8330956697463989,
            0.7593598365783691,
            0.6474058032035828,
            0.6678524613380432,
            0.8616501688957214,
            0.19602660834789276,
            0.058000996708869934,
            0.5912235379219055,
            0.5160748958587646,
            0.2670968472957611,
            0.07919254899024963,
            0.04792933538556099,
            0.05789650231599808,
            0.19116635620594025,
            0.0,
            0.6357272863388062,
            0.008985728956758976,
            0.7098537087440491,
            0.5609692335128784,
            0.21708433330059052,
            0.8884488940238953
        ],
        "iou_per_class": [
            0.9879193305969238,
            0.42808833718299866,
            0.5763140916824341,
            0.40109023451805115,
            0.1009824275970459,
            0.5591281652450562,
            0.09547747671604156,
            0.7127231359481812,
            0.5716678500175476,
            0.49036917090415955,
            0.4740084707736969,
            0.7298341989517212,
            0.12978051602840424,
            0.0482742115855217,
            0.5193297266960144,
            0.4308268129825592,
            0.24988186359405518,
            0.04730983451008797,
            0.045538969337940216,
            0.05439462512731552,
            0.16185809671878815,
            0.0,
            0.47933968901634216,
            0.008937960490584373,
            0.580647349357605,
            0.4356406629085541,
            0.15177495777606964,
            0.7461492419242859
        ]
    }
}