{
    "train_time": 22771.0484893322,
    "best loss model": {
        "mIoU": 0.259145587682724,
        "mDice": 0.34875422716140747,
        "mDice_no_bg": 0.3250042200088501,
        "accuracy": 0.9610297679901123,
        "mean_acc": 0.3134773373603821,
        "mean_acc_no_bg": 0.28826311230659485,
        "dice_per_class": [
            0.9900038838386536,
            0.40406352281570435,
            0.6877118349075317,
            0.7064145803451538,
            0.05815364047884941,
            0.6122090816497803,
            0.0041280402801930904,
            0.7636263966560364,
            0.619635820388794,
            0.5937697887420654,
            0.5295503735542297,
            0.8184728622436523,
            0.11906767636537552,
            0.0,
            0.3881281316280365,
            0.5020727515220642,
            0.001367788529023528,
            0.0,
            0.0,
            0.0,
            0.028541721403598785,
            0.0,
            0.4276406466960907,
            0.0,
            0.6327129602432251,
            0.438414990901947,
            0.048312678933143616,
            0.3911183476448059
        ],
        "accuracy_per_class": [
            0.994260311126709,
            0.34547582268714905,
            0.6942495703697205,
            0.6286646723747253,
            0.03537057340145111,
            0.6232852935791016,
            0.002237697597593069,
            0.7622913718223572,
            0.5345696210861206,
            0.5613763928413391,
            0.5006125569343567,
            0.8345779180526733,
            0.08636902272701263,
            0.0,
            0.25570470094680786,
            0.3934337794780731,
            0.0006843623123131692,
            0.0,
            0.0,
            0.0,
            0.01481089647859335,
            0.0,
            0.31873011589050293,
            0.0,
            0.5878770351409912,
            0.33404698967933655,
            0.02563646249473095,
            0.24309951066970825
        ],
        "iou_per_class": [
            0.9802055954933167,
            0.25318270921707153,
            0.524055540561676,
            0.5460904240608215,
            0.02994760312139988,
            0.44113925099372864,
            0.002068289089947939,
            0.6176340579986572,
            0.4488930106163025,
            0.42224225401878357,
            0.3601281940937042,
            0.6927245259284973,
            0.06330247968435287,
            0.0,
            0.2407934069633484,
            0.33517834544181824,
            0.0006843623123131692,
            0.0,
            0.0,
            0.0,
            0.01447746716439724,
            0.0,
            0.2719738781452179,
            0.0,
            0.4627506732940674,
            0.28075000643730164,
            0.02475431188941002,
            0.24309951066970825
        ]
    },
    "mDice model": {
        "mIoU": 0.2716097831726074,
        "mDice": 0.3634496033191681,
        "mDice_no_bg": 0.34023576974868774,
        "accuracy": 0.9616739749908447,
        "mean_acc": 0.3268793523311615,
        "mean_acc_no_bg": 0.30215954780578613,
        "dice_per_class": [
            0.9902217388153076,
            0.4061994254589081,
            0.6902493238449097,
            0.6966081857681274,
            0.028312144801020622,
            0.6285361647605896,
            0.0032079454977065325,
            0.7691857814788818,
            0.6223123073577881,
            0.6017120480537415,
            0.5493394136428833,
            0.8207502961158752,
            0.13844744861125946,
            0.0,
            0.4409196972846985,
            0.5193015336990356,
            0.004773967433720827,
            0.0,
            0.0,
            0.0,
            0.05037582665681839,
            0.0,
            0.45202377438545227,
            0.0,
            0.6082771420478821,
            0.46351680159568787,
            0.07518471032381058,
            0.6171318888664246
        ],
        "accuracy_per_class": [
            0.9943133592605591,
            0.3609718084335327,
            0.6934336423873901,
            0.6230254769325256,
            0.016308661550283432,
            0.6073572635650635,
            0.0017072088085114956,
            0.7741600871086121,
            0.5406064987182617,
            0.5673978924751282,
            0.5322005152702332,
            0.8428376317024231,
            0.11454147845506668,
            0.0,
            0.30962827801704407,
            0.4160769581794739,
            0.002395268063992262,
            0.0,
            0.0,
            0.0,
            0.026765406131744385,
            0.0,
            0.3464849293231964,
            0.0,
            0.5235092639923096,
            0.3704289197921753,
            0.04193504899740219,
            0.4465356767177582
        ],
        "iou_per_class": [
            0.9806328415870667,
            0.2548621594905853,
            0.5270081758499146,
            0.5344580411911011,
            0.01435934379696846,
            0.4582958221435547,
            0.0016065496020019054,
            0.6249406337738037,
            0.4517078399658203,
            0.43032053112983704,
            0.3786822259426117,
            0.6959936618804932,
            0.07437203079462051,
            0.0,
            0.2828075587749481,
            0.35071390867233276,
            0.002392695052549243,
            0.0,
            0.0,
            0.0,
            0.025838738307356834,
            0.0,
            0.29200950264930725,
            0.0,
            0.4370677173137665,
            0.30167385935783386,
            0.03906073793768883,
            0.4462694823741913
        ]
    }
}