{
    "train_time": 25177.81380558014,
    "best loss model": {
        "mIoU": 0.33947333693504333,
        "mDice": 0.443012535572052,
        "mDice_no_bg": 0.4226192235946655,
        "accuracy": 0.9681043028831482,
        "mean_acc": 0.4071429371833801,
        "mean_acc_no_bg": 0.3853673040866852,
        "dice_per_class": [
            0.9936304688453674,
            0.5663120746612549,
            0.7163338661193848,
            0.5890746712684631,
            0.05615771561861038,
            0.7203437685966492,
            0.09482751041650772,
            0.8183287978172302,
            0.752777099609375,
            0.6414954662322998,
            0.6014389395713806,
            0.83344966173172,
            0.1709311306476593,
            0.0,
            0.6213102340698242,
            0.45261064171791077,
            0.3071867525577545,
            0.046674445271492004,
            0.08754665404558182,
            0.049834948033094406,
            0.1953546106815338,
            0.0,
            0.6734766960144043,
            0.0008216926944442093,
            0.7250739336013794,
            0.5816732048988342,
            0.2606619596481323,
            0.8470224738121033
        ],
        "accuracy_per_class": [
            0.9950852990150452,
            0.5945295691490173,
            0.7044482827186584,
            0.4849507212638855,
            0.047710586339235306,
            0.7348710894584656,
            0.050705067813396454,
            0.7829569578170776,
            0.764053225517273,
            0.6027260422706604,
            0.5700183510780334,
            0.8854851722717285,
            0.13180699944496155,
            0.0,
            0.4927981495857239,
            0.30531153082847595,
            0.18811815977096558,
            0.03105590119957924,
            0.046698521822690964,
            0.026154018938541412,
            0.1198095753788948,
            0.0,
            0.6565675139427185,
            0.0004111117741558701,
            0.6862484216690063,
            0.5004571676254272,
            0.22030846774578094,
            0.7767155766487122
        ],
        "iou_per_class": [
            0.9873415231704712,
            0.3950037360191345,
            0.558037519454956,
            0.4175094664096832,
            0.028890056535601616,
            0.5629197955131531,
            0.04977371171116829,
            0.6925181746482849,
            0.603562593460083,
            0.47220706939697266,
            0.43004128336906433,
            0.7144566774368286,
            0.09345253556966782,
            0.0,
            0.45065268874168396,
            0.29249951243400574,
            0.1814652383327484,
            0.023894863203167915,
            0.04577714577317238,
            0.025554221123456955,
            0.10825096815824509,
            0.0,
            0.5077006220817566,
            0.00041101520764641464,
            0.568718433380127,
            0.41011226177215576,
            0.14986275136470795,
            0.7346391677856445
        ]
    },
    "mDice model": {
        "mIoU": 0.36678165197372437,
        "mDice": 0.47688084840774536,
        "mDice_no_bg": 0.4577282965183258,
        "accuracy": 0.970023512840271,
        "mean_acc": 0.4467123746871948,
        "mean_acc_no_bg": 0.42641299962997437,
        "dice_per_class": [
            0.993999719619751,
            0.618985116481781,
            0.7359789609909058,
            0.6393665075302124,
            0.10874989628791809,
            0.717781126499176,
            0.15102776885032654,
            0.8313078880310059,
            0.7518062591552734,
            0.6944118738174438,
            0.6674464344978333,
            0.8479509353637695,
            0.1776181310415268,
            0.09635214507579803,
            0.678299069404602,
            0.5647492408752441,
            0.30932071805000305,
            0.14505495131015778,
            0.12500816583633423,
            0.0819588154554367,
            0.23826095461845398,
            0.0,
            0.6719235777854919,
            0.032024793326854706,
            0.739789605140686,
            0.6108472943305969,
            0.2804369330406189,
            0.8422063589096069
        ],
        "accuracy_per_class": [
            0.9947955012321472,
            0.6168083548545837,
            0.7672005295753479,
            0.5772135257720947,
            0.13432632386684418,
            0.6841597557067871,
            0.09120546281337738,
            0.8242536187171936,
            0.7748693823814392,
            0.6853950023651123,
            0.6801032423973083,
            0.8680384159088135,
            0.14471471309661865,
            0.06058690696954727,
            0.590036153793335,
            0.45354440808296204,
            0.18642355501651764,
            0.10248447209596634,
            0.06921517848968506,
            0.04470772296190262,
            0.15862470865249634,
            0.0,
            0.6480785012245178,
            0.016385739669203758,
            0.7289170622825623,
            0.5651395916938782,
            0.22730475664138794,
            0.8134133219718933
        ],
        "iou_per_class": [
            0.988071084022522,
            0.44821029901504517,
            0.5822521448135376,
            0.4699035584926605,
            0.05750159174203873,
            0.559796154499054,
            0.08168201148509979,
            0.7113146781921387,
            0.602315366268158,
            0.5318766832351685,
            0.5008777976036072,
            0.7360371947288513,
            0.09746482968330383,
            0.050614479929208755,
            0.5132015943527222,
            0.3934847116470337,
            0.18295647203922272,
            0.07819905132055283,
            0.06667131930589676,
            0.04273047670722008,
            0.13524191081523895,
            0.0,
            0.5059374570846558,
            0.01627296581864357,
            0.5870365500450134,
            0.4397265315055847,
            0.1630861610174179,
            0.7274236083030701
        ]
    }
}