{
    "train_time": 25063.61274290085,
    "best loss model": {
        "mIoU": 0.11157748848199844,
        "mDice": 0.1544775664806366,
        "mDice_no_bg": 0.12382244318723679,
        "accuracy": 0.937111496925354,
        "mean_acc": 0.14240744709968567,
        "mean_acc_no_bg": 0.11094725877046585,
        "dice_per_class": [
            0.9821658730506897,
            0.1362311989068985,
            0.4176650643348694,
            0.0,
            0.0,
            0.3608330190181732,
            0.0,
            0.5540562272071838,
            0.31644168496131897,
            0.1998635083436966,
            0.13684098422527313,
            0.6647909879684448,
            0.0,
            0.0,
            0.0,
            0.009149623103439808,
            0.0,
            0.0,
            0.0,
            0.0,
            0.0,
            0.0,
            0.07240211963653564,
            0.0,
            0.46043825149536133,
            0.014422096312046051,
            7.114602340152487e-05,
            0.0
        ],
        "accuracy_per_class": [
            0.9918324947357178,
            0.11999132484197617,
            0.39551618695259094,
            0.0,
            0.0,
            0.31935957074165344,
            0.0,
            0.5436857342720032,
            0.2331988662481308,
            0.131785050034523,
            0.08406862616539001,
            0.7439531683921814,
            0.0,
            0.0,
            0.0,
            0.004666910506784916,
            0.0,
            0.0,
            0.0,
            0.0,
            0.0,
            0.0,
            0.04246186092495918,
            0.0,
            0.36936530470848083,
            0.007487692404538393,
            3.558642856660299e-05,
            0.0
        ],
        "iou_per_class": [
            0.9649566411972046,
            0.07309447973966599,
            0.26395490765571594,
            0.0,
            0.0,
            0.22013194859027863,
            0.0,
            0.383179634809494,
            0.18796004354953766,
            0.11102686077356339,
            0.07344568520784378,
            0.497892826795578,
            0.0,
            0.0,
            0.0,
            0.004595836624503136,
            0.0,
            0.0,
            0.0,
            0.0,
            0.0,
            0.0,
            0.037560801953077316,
            0.0,
            0.29907098412513733,
            0.007263424806296825,
            3.55742740794085e-05,
            0.0
        ]
    },
    "mDice model": {
        "mIoU": 0.11446789652109146,
        "mDice": 0.15959864854812622,
        "mDice_no_bg": 0.12912972271442413,
        "accuracy": 0.9375486373901367,
        "mean_acc": 0.14454908668994904,
        "mean_acc_no_bg": 0.11315746605396271,
        "dice_per_class": [
            0.9822593331336975,
            0.15223374962806702,
            0.39909687638282776,
            0.04984879866242409,
            0.0,
            0.36660701036453247,
            0.0,
            0.5634055137634277,
            0.30683472752571106,
            0.1962531954050064,
            0.18030934035778046,
            0.6687535643577576,
            0.0,
            0.0,
            0.0,
            0.00805793795734644,
            0.0,
            0.0,
            0.0,
            0.0,
            0.0,
            0.0,
            0.1120649054646492,
            0.0,
            0.46262887120246887,
            0.0200253427028656,
            0.00038265305920504034,
            0.0
        ],
        "accuracy_per_class": [
            0.9921224117279053,
            0.13169805705547333,
            0.34724363684654236,
            0.0325390063226223,
            0.0,
            0.32090649008750916,
            0.0,
            0.5412867069244385,
            0.2163386046886444,
            0.12884365022182465,
            0.1269887536764145,
            0.7578155398368835,
            0.0,
            0.0,
            0.0,
            0.004117862321436405,
            0.0,
            0.0,
            0.0,
            0.0,
            0.0,
            0.0,
            0.06868197023868561,
            0.0,
            0.3680700957775116,
            0.010529045015573502,
            0.00019216671353206038,
            0.0
        ],
        "iou_per_class": [
            0.965137243270874,
            0.08238798379898071,
            0.24929483234882355,
            0.025561504065990448,
            0.0,
            0.22444507479667664,
            0.0,
            0.39218130707740784,
            0.18121959269046783,
            0.10880307108163834,
            0.0990879088640213,
            0.5023514628410339,
            0.0,
            0.0,
            0.0,
            0.0040452671237289906,
            0.0,
            0.0,
            0.0,
            0.0,
            0.0,
            0.0,
            0.05935845151543617,
            0.0,
            0.30092206597328186,
            0.010113938711583614,
            0.00019136314222123474,
            0.0
        ]
    }
}