{
    "train_time": 42903.68493247032,
    "best loss model": {
        "mIoU": 0.1925300508737564,
        "mDice": 0.26816511154174805,
        "mDice_no_bg": 0.24145758152008057,
        "accuracy": 0.9532034993171692,
        "mean_acc": 0.24694857001304626,
        "mean_acc_no_bg": 0.2193586379289627,
        "dice_per_class": [
            0.9892678260803223,
            0.4135184586048126,
            0.5070969462394714,
            0.3779942989349365,
            0.0,
            0.5499222278594971,
            0.0,
            0.7057505249977112,
            0.5848239660263062,
            0.4794566035270691,
            0.470791757106781,
            0.7867185473442078,
            0.08170600235462189,
            0.0,
            0.22522993385791779,
            0.099148228764534,
            0.01693190075457096,
            0.0,
            0.0,
            0.0,
            0.019199833273887634,
            0.0,
            0.3400181531906128,
            0.0,
            0.4674605131149292,
            0.2457091063261032,
            0.004105194006115198,
            0.1437731683254242
        ],
        "accuracy_per_class": [
            0.991876482963562,
            0.4887942969799042,
            0.400001585483551,
            0.26601096987724304,
            0.0,
            0.6970431804656982,
            0.0,
            0.7958876490592957,
            0.49085691571235657,
            0.43635034561157227,
            0.44694045186042786,
            0.8377887010574341,
            0.05489921569824219,
            0.0,
            0.12800723314285278,
            0.05296282842755318,
            0.00853823497891426,
            0.0,
            0.0,
            0.0,
            0.00972229614853859,
            0.0,
            0.2334156334400177,
            0.0,
            0.34084275364875793,
            0.15508109331130981,
            0.00208536465652287,
            0.07745452225208282
        ],
        "iou_per_class": [
            0.9787638187408447,
            0.26065129041671753,
            0.33967170119285583,
            0.23304128646850586,
            0.0,
            0.3792363703250885,
            0.0,
            0.5452970862388611,
            0.41325172781944275,
            0.3153192698955536,
            0.30786633491516113,
            0.648422122001648,
            0.042593058198690414,
            0.0,
            0.12690654397010803,
            0.05215989425778389,
            0.00853823497891426,
            0.0,
            0.0,
            0.0,
            0.009692967869341373,
            0.0,
            0.20483244955539703,
            0.0,
            0.3050234913825989,
            0.14006178081035614,
            0.002056818688288331,
            0.07745452225208282
        ]
    },
    "mDice model": {
        "mIoU": 0.22482383251190186,
        "mDice": 0.3090701103210449,
        "mDice_no_bg": 0.28386518359184265,
        "accuracy": 0.9546424746513367,
        "mean_acc": 0.2881716191768646,
        "mean_acc_no_bg": 0.2621212303638458,
        "dice_per_class": [
            0.9896030426025391,
            0.34306657314300537,
            0.6418189406394958,
            0.4493257999420166,
            0.0,
            0.5522844791412354,
            0.0,
            0.7019398808479309,
            0.6878573894500732,
            0.5244035124778748,
            0.5042774081230164,
            0.7879471182823181,
            0.1369769424200058,
            0.0,
            0.38659554719924927,
            0.1800866425037384,
            0.036521684378385544,
            0.0,
            0.0,
            0.0020098257809877396,
            0.015423733741044998,
            0.0,
            0.36714234948158264,
            0.0,
            0.5141873359680176,
            0.25232571363449097,
            0.012909578159451485,
            0.5672596096992493
        ],
        "accuracy_per_class": [
            0.9915320873260498,
            0.5087279677391052,
            0.597011387348175,
            0.4075372815132141,
            0.0,
            0.5090025067329407,
            0.0,
            0.7500765919685364,
            0.6117162108421326,
            0.44230252504348755,
            0.5945260524749756,
            0.8154008984565735,
            0.16539357602596283,
            0.0,
            0.2581827640533447,
            0.1141105443239212,
            0.019031791016459465,
            0.0,
            0.0,
            0.001005923724733293,
            0.007796878926455975,
            0.0,
            0.2986714243888855,
            0.0,
            0.4082111418247223,
            0.15477724373340607,
            0.006718717981129885,
            0.40707114338874817
        ],
        "iou_per_class": [
            0.9794201254844666,
            0.20704908668994904,
            0.4725576937198639,
            0.28976157307624817,
            0.0,
            0.3814868927001953,
            0.0,
            0.5407606363296509,
            0.524224579334259,
            0.35538411140441895,
            0.3371463418006897,
            0.6500930190086365,
            0.07352402061223984,
            0.0,
            0.23961476981639862,
            0.09895341843366623,
            0.018600502982735634,
            0.0,
            0.0,
            0.001005923724733293,
            0.007771802134811878,
            0.0,
            0.22484652698040009,
            0.0,
            0.3460647165775299,
            0.14437799155712128,
            0.006496724206954241,
            0.3959263265132904
        ]
    }
}