{
    "train_time": 22347.8100066185,
    "best loss model": {
        "mIoU": 0.11895608901977539,
        "mDice": 0.16288332641124725,
        "mDice_no_bg": 0.13245661556720734,
        "accuracy": 0.9424496293067932,
        "mean_acc": 0.15112122893333435,
        "mean_acc_no_bg": 0.11992673575878143,
        "dice_per_class": [
            0.9844045639038086,
            0.16123442351818085,
            0.5080158114433289,
            0.040334463119506836,
            0.0,
            0.4058164060115814,
            0.0,
            0.6243581771850586,
            0.18001805245876312,
            0.29827889800071716,
            0.18573015928268433,
            0.6997001767158508,
            0.0,
            0.0,
            0.0,
            0.01147671788930893,
            0.0,
            0.0,
            0.0,
            0.0,
            0.0,
            0.0,
            0.045720718801021576,
            0.0,
            0.40916308760643005,
            0.006481583695858717,
            0.0,
            0.0
        ],
        "accuracy_per_class": [
            0.9933724999427795,
            0.1432679444551468,
            0.5064305663108826,
            0.02144908905029297,
            0.0,
            0.3907681703567505,
            0.0,
            0.6382318139076233,
            0.11250080913305283,
            0.2153131365776062,
            0.12464224547147751,
            0.7560592889785767,
            0.0,
            0.0,
            0.0,
            0.005775175057351589,
            0.0,
            0.0,
            0.0,
            0.0,
            0.0,
            0.0,
            0.023920897394418716,
            0.0,
            0.2963953912258148,
            0.0032671538647264242,
            0.0,
            0.0
        ],
        "iou_per_class": [
            0.969288170337677,
            0.08768622577190399,
            0.3404967784881592,
            0.020582320168614388,
            0.0,
            0.254560649394989,
            0.0,
            0.4538668394088745,
            0.09891200065612793,
            0.17528071999549866,
            0.10237184911966324,
            0.5381067991256714,
            0.0,
            0.0,
            0.0,
            0.005771477706730366,
            0.0,
            0.0,
            0.0,
            0.0,
            0.0,
            0.0,
            0.023395180702209473,
            0.0,
            0.25719988346099854,
            0.003251328831538558,
            0.0,
            0.0
        ]
    },
    "mDice model": {
        "mIoU": 0.11893077194690704,
        "mDice": 0.1627718210220337,
        "mDice_no_bg": 0.13233788311481476,
        "accuracy": 0.9422632455825806,
        "mean_acc": 0.15126439929008484,
        "mean_acc_no_bg": 0.12008700519800186,
        "dice_per_class": [
            0.9844881296157837,
            0.15543010830879211,
            0.5051392316818237,
            0.0262918584048748,
            0.0,
            0.400826632976532,
            0.0,
            0.6272489428520203,
            0.18135830760002136,
            0.2772475481033325,
            0.1903117150068283,
            0.6976511478424072,
            0.0,
            0.0,
            0.0,
            0.020100602880120277,
            0.0,
            0.0,
            0.0,
            0.0,
            0.0,
            0.0,
            0.051211148500442505,
            0.0,
            0.43173977732658386,
            0.008565841242671013,
            0.0,
            0.0
        ],
        "accuracy_per_class": [
            0.9930540919303894,
            0.13646622002124786,
            0.5212361812591553,
            0.013686604797840118,
            0.0,
            0.38023608922958374,
            0.0,
            0.6245690584182739,
            0.11765633523464203,
            0.1943821758031845,
            0.1274334341287613,
            0.7611109018325806,
            0.0,
            0.0,
            0.0,
            0.010177728720009327,
            0.0,
            0.0,
            0.0,
            0.0,
            0.0,
            0.0,
            0.027058251202106476,
            0.0,
            0.3240015506744385,
            0.0043348330073058605,
            0.0,
            0.0
        ],
        "iou_per_class": [
            0.9694501161575317,
            0.08426360040903091,
            0.3379172384738922,
            0.013321046717464924,
            0.0,
            0.2506461441516876,
            0.0,
            0.45692840218544006,
            0.09972184896469116,
            0.16093289852142334,
            0.10516270250082016,
            0.5356868505477905,
            0.0,
            0.0,
            0.0,
            0.010152336210012436,
            0.0,
            0.0,
            0.0,
            0.0,
            0.0,
            0.0,
            0.02627844735980034,
            0.0,
            0.2752985656261444,
            0.004301343113183975,
            0.0,
            0.0
        ]
    }
}