{
    "train_time": 23279.182862758636,
    "best loss model": {
        "mIoU": 0.11372359097003937,
        "mDice": 0.15922550857067108,
        "mDice_no_bg": 0.1287570595741272,
        "accuracy": 0.9368038773536682,
        "mean_acc": 0.14375217258930206,
        "mean_acc_no_bg": 0.11233840137720108,
        "dice_per_class": [
            0.9818734526634216,
            0.1426895409822464,
            0.4061715006828308,
            0.05675363168120384,
            0.0,
            0.3447552025318146,
            0.0,
            0.557647168636322,
            0.30070486664772034,
            0.2095470130443573,
            0.20386390388011932,
            0.6643598079681396,
            0.0,
            0.0,
            0.0,
            0.008451633155345917,
            0.0,
            0.0,
            0.0,
            0.0,
            0.0,
            0.0,
            0.11107149720191956,
            0.0,
            0.4355481266975403,
            0.03440788760781288,
            0.00046875665429979563,
            0.0
        ],
        "accuracy_per_class": [
            0.991923987865448,
            0.11432216316461563,
            0.3673350512981415,
            0.031017763540148735,
            0.0,
            0.3047594130039215,
            0.0,
            0.5562095642089844,
            0.21542860567569733,
            0.13859350979328156,
            0.15723028779029846,
            0.7308493256568909,
            0.0,
            0.0,
            0.0,
            0.004300878383219242,
            0.0,
            0.0,
            0.0,
            0.0,
            0.0,
            0.0,
            0.06527279317378998,
            0.0,
            0.3296467065811157,
            0.017935894429683685,
            0.0002348704292671755,
            0.0
        ],
        "iou_per_class": [
            0.9643924236297607,
            0.07682590186595917,
            0.2548401653766632,
            0.029205577448010445,
            0.0,
            0.2082805037498474,
            0.0,
            0.3866232633590698,
            0.1769585907459259,
            0.11703575402498245,
            0.11350136995315552,
            0.49740928411483765,
            0.0,
            0.0,
            0.0,
            0.004243749659508467,
            0.0,
            0.0,
            0.0,
            0.0,
            0.0,
            0.0,
            0.0588013231754303,
            0.0,
            0.27840301394462585,
            0.01750510185956955,
            0.00023443327518180013,
            0.0
        ]
    },
    "mDice model": {
        "mIoU": 0.11372359097003937,
        "mDice": 0.15922550857067108,
        "mDice_no_bg": 0.1287570595741272,
        "accuracy": 0.9368038773536682,
        "mean_acc": 0.14375217258930206,
        "mean_acc_no_bg": 0.11233840137720108,
        "dice_per_class": [
            0.9818734526634216,
            0.1426895409822464,
            0.4061715006828308,
            0.05675363168120384,
            0.0,
            0.3447552025318146,
            0.0,
            0.557647168636322,
            0.30070486664772034,
            0.2095470130443573,
            0.20386390388011932,
            0.6643598079681396,
            0.0,
            0.0,
            0.0,
            0.008451633155345917,
            0.0,
            0.0,
            0.0,
            0.0,
            0.0,
            0.0,
            0.11107149720191956,
            0.0,
            0.4355481266975403,
            0.03440788760781288,
            0.00046875665429979563,
            0.0
        ],
        "accuracy_per_class": [
            0.991923987865448,
            0.11432216316461563,
            0.3673350512981415,
            0.031017763540148735,
            0.0,
            0.3047594130039215,
            0.0,
            0.5562095642089844,
            0.21542860567569733,
            0.13859350979328156,
            0.15723028779029846,
            0.7308493256568909,
            0.0,
            0.0,
            0.0,
            0.004300878383219242,
            0.0,
            0.0,
            0.0,
            0.0,
            0.0,
            0.0,
            0.06527279317378998,
            0.0,
            0.3296467065811157,
            0.017935894429683685,
            0.0002348704292671755,
            0.0
        ],
        "iou_per_class": [
            0.9643924236297607,
            0.07682590186595917,
            0.2548401653766632,
            0.029205577448010445,
            0.0,
            0.2082805037498474,
            0.0,
            0.3866232633590698,
            0.1769585907459259,
            0.11703575402498245,
            0.11350136995315552,
            0.49740928411483765,
            0.0,
            0.0,
            0.0,
            0.004243749659508467,
            0.0,
            0.0,
            0.0,
            0.0,
            0.0,
            0.0,
            0.0588013231754303,
            0.0,
            0.27840301394462585,
            0.01750510185956955,
            0.00023443327518180013,
            0.0
        ]
    }
}