{
    "train_time": 17902.906435728073,
    "best loss model": {
        "mIoU": 0.33226510882377625,
        "mDice": 0.4353584051132202,
        "mDice_no_bg": 0.4146783649921417,
        "accuracy": 0.9680110216140747,
        "mean_acc": 0.4067803919315338,
        "mean_acc_no_bg": 0.3849925100803375,
        "dice_per_class": [
            0.9937196373939514,
            0.5134214162826538,
            0.7013402581214905,
            0.5341984033584595,
            0.15139997005462646,
            0.7216776609420776,
            5.245947613730095e-05,
            0.8271944522857666,
            0.659751832485199,
            0.6123307347297668,
            0.6607396602630615,
            0.8327123522758484,
            0.2587849497795105,
            0.0,
            0.7065713405609131,
            0.6561528444290161,
            0.21707408130168915,
            0.266065388917923,
            0.0,
            0.0,
            0.08105777204036713,
            0.0,
            0.5453721284866333,
            0.0,
            0.7655458450317383,
            0.6335722804069519,
            0.1609441041946411,
            0.6903557181358337
        ],
        "accuracy_per_class": [
            0.9950534105300903,
            0.42467978596687317,
            0.7517915368080139,
            0.539919376373291,
            0.13488700985908508,
            0.6845807433128357,
            2.7461714125820436e-05,
            0.8219740390777588,
            0.6899600625038147,
            0.581321120262146,
            0.7410630583763123,
            0.8463303446769714,
            0.1934199333190918,
            0.0,
            0.6352860331535339,
            0.5742217302322388,
            0.14471156895160675,
            0.17251461744308472,
            0.0,
            0.0,
            0.04306923598051071,
            0.0,
            0.45347660779953003,
            0.0,
            0.7574843168258667,
            0.5682403445243835,
            0.10433407127857208,
            0.5315042734146118
        ],
        "iou_per_class": [
            0.9875178337097168,
            0.34537121653556824,
            0.5400492548942566,
            0.3644411563873291,
            0.08189979195594788,
            0.5645506381988525,
            2.6230425646645017e-05,
            0.7053125500679016,
            0.49226099252700806,
            0.44126564264297485,
            0.49336162209510803,
            0.7133737206459045,
            0.14862319827079773,
            0.0,
            0.5462777614593506,
            0.4882645010948181,
            0.12175159901380539,
            0.1534460335969925,
            0.0,
            0.0,
            0.04224085807800293,
            0.0,
            0.3749220669269562,
            0.0,
            0.6201492547988892,
            0.4636705219745636,
            0.08751452714204788,
            0.5271322727203369
        ]
    },
    "mDice model": {
        "mIoU": 0.38552477955818176,
        "mDice": 0.5031241774559021,
        "mDice_no_bg": 0.48492562770843506,
        "accuracy": 0.9702702164649963,
        "mean_acc": 0.4826968312263489,
        "mean_acc_no_bg": 0.4637160897254944,
        "dice_per_class": [
            0.9944852590560913,
            0.572130560874939,
            0.7202476263046265,
            0.6419209241867065,
            0.1348700076341629,
            0.7383785843849182,
            0.10540711134672165,
            0.8400930166244507,
            0.68731290102005,
            0.6503081321716309,
            0.6701135039329529,
            0.8485901355743408,
            0.2273600548505783,
            0.254874050617218,
            0.7662385106086731,
            0.6529489755630493,
            0.43611201643943787,
            0.2483014166355133,
            0.0023246274795383215,
            0.07802209258079529,
            0.32489103078842163,
            0.0,
            0.6405403017997742,
            0.2101002037525177,
            0.787254810333252,
            0.6236404776573181,
            0.40353891253471375,
            0.827471911907196
        ],
        "accuracy_per_class": [
            0.9951756596565247,
            0.5673037767410278,
            0.7387455701828003,
            0.7521185278892517,
            0.18276004493236542,
            0.7465103268623352,
            0.08114021271467209,
            0.8428014516830444,
            0.6652606129646301,
            0.6267440915107727,
            0.6397820711135864,
            0.8595261573791504,
            0.17718814313411713,
            0.20047324895858765,
            0.7159090638160706,
            0.5793441534042358,
            0.3309684693813324,
            0.29385966062545776,
            0.0011651816312223673,
            0.04089219495654106,
            0.275921106338501,
            0.0,
            0.5818387269973755,
            0.14636734127998352,
            0.7847816348075867,
            0.5575278401374817,
            0.3834706246852875,
            0.7479344010353088
        ],
        "iou_per_class": [
            0.9890310764312744,
            0.4006882607936859,
            0.5628023743629456,
            0.472668319940567,
            0.07231131941080093,
            0.5852616429328918,
            0.055635757744312286,
            0.7242761850357056,
            0.5235922932624817,
            0.4818197190761566,
            0.5038877129554749,
            0.7370009422302246,
            0.12826070189476013,
            0.14604908227920532,
            0.6210588812828064,
            0.4847247302532196,
            0.27886396646499634,
            0.14174893498420715,
            0.001163666252978146,
            0.040594685822725296,
            0.19395218789577484,
            0.0,
            0.4711726903915405,
            0.11738098412752151,
            0.6491510272026062,
            0.4531087279319763,
            0.25277090072631836,
            0.705716073513031
        ]
    }
}