{
    "train_time": 10846.120513439178,
    "best loss model": {
        "mIoU": 0.2891817092895508,
        "mDice": 0.3739214539527893,
        "mDice_no_bg": 0.3509805202484131,
        "accuracy": 0.9667245149612427,
        "mean_acc": 0.36796340346336365,
        "mean_acc_no_bg": 0.3447452783584595,
        "dice_per_class": [
            0.9933267831802368,
            0.5744528770446777,
            0.7239755392074585,
            0.6339796185493469,
            0.1567557007074356,
            0.6938599348068237,
            0.0,
            0.8183841705322266,
            0.6936736106872559,
            0.6227126121520996,
            0.6124516129493713,
            0.8215389847755432,
            0.09067389369010925,
            0.0,
            0.6708300709724426,
            0.487551212310791,
            0.0,
            0.0,
            0.0,
            0.0,
            0.00014599757560063154,
            0.0,
            0.5882182121276855,
            0.0,
            0.7242941856384277,
            0.5511215925216675,
            0.011853949166834354,
            0.0
        ],
        "accuracy_per_class": [
            0.9948514699935913,
            0.48691651225090027,
            0.7608548998832703,
            0.5269343256950378,
            0.10397856682538986,
            0.7459612488746643,
            0.0,
            0.8147629499435425,
            0.6692151427268982,
            0.6456732749938965,
            0.6176686882972717,
            0.8289027214050293,
            0.05596795305609703,
            0.0,
            0.6516004204750061,
            0.5748128890991211,
            0.0,
            0.0,
            0.0,
            0.0,
            7.40544855943881e-05,
            0.0,
            0.6189645528793335,
            0.0,
            0.657971978187561,
            0.5417844653129578,
            0.006078162230551243,
            0.0
        ],
        "iou_per_class": [
            0.9867419600486755,
            0.4029701352119446,
            0.5673680305480957,
            0.46410703659057617,
            0.08504336327314377,
            0.5312293171882629,
            0.0,
            0.6925974488258362,
            0.5310109257698059,
            0.4521297812461853,
            0.4413911700248718,
            0.6971287131309509,
            0.04749000072479248,
            0.0,
            0.5046985149383545,
            0.3223588168621063,
            0.0,
            0.0,
            0.0,
            0.0,
            7.300412107724696e-05,
            0.0,
            0.4166495203971863,
            0.0,
            0.5677595734596252,
            0.3803780972957611,
            0.005962313152849674,
            0.0
        ]
    },
    "mDice model": {
        "mIoU": 0.3738839328289032,
        "mDice": 0.4899829030036926,
        "mDice_no_bg": 0.4713008403778076,
        "accuracy": 0.9697127938270569,
        "mean_acc": 0.46324124932289124,
        "mean_acc_no_bg": 0.44352948665618896,
        "dice_per_class": [
            0.9943976402282715,
            0.5561636090278625,
            0.732492208480835,
            0.6685810685157776,
            0.2251763641834259,
            0.7270939350128174,
            0.09012942016124725,
            0.8354972004890442,
            0.7092548608779907,
            0.6022863388061523,
            0.6808357834815979,
            0.8407530784606934,
            0.3441925644874573,
            0.22738832235336304,
            0.763391375541687,
            0.5804671049118042,
            0.3555208444595337,
            0.4321267008781433,
            0.0,
            0.0,
            0.29385679960250854,
            0.0,
            0.6181563138961792,
            0.0,
            0.7709001898765564,
            0.6439014673233032,
            0.28779879212379456,
            0.7391581535339355
        ],
        "accuracy_per_class": [
            0.9954591393470764,
            0.5062796473503113,
            0.7564874291419983,
            0.7736333012580872,
            0.40061017870903015,
            0.6708261966705322,
            0.07885954529047012,
            0.8352869749069214,
            0.6595848202705383,
            0.5597882866859436,
            0.6859575510025024,
            0.8614844083786011,
            0.2905603051185608,
            0.15157261490821838,
            0.6917914152145386,
            0.4896392524242401,
            0.28559091687202454,
            0.2965838611125946,
            0.0,
            0.0,
            0.215223491191864,
            0.0,
            0.544160783290863,
            0.0,
            0.7639121413230896,
            0.5651033520698547,
            0.28791555762290955,
            0.6044434905052185
        ],
        "iou_per_class": [
            0.988857626914978,
            0.38519853353500366,
            0.5778995752334595,
            0.5021567940711975,
            0.12687252461910248,
            0.5712078213691711,
            0.047191374003887177,
            0.717471182346344,
            0.549492597579956,
            0.4309082627296448,
            0.5161114931106567,
            0.7252579927444458,
            0.20786991715431213,
            0.1282787024974823,
            0.6173266172409058,
            0.40891414880752563,
            0.21619054675102234,
            0.27561327815055847,
            0.0,
            0.0,
            0.17223455011844635,
            0.0,
            0.4473417103290558,
            0.0,
            0.6272071003913879,
            0.4748191237449646,
            0.16808702051639557,
            0.5862417817115784
        ]
    }
}