{
    "train_time": 14842.761241436005,
    "best loss model": {
        "mIoU": 0.29636383056640625,
        "mDice": 0.3874712288379669,
        "mDice_no_bg": 0.3650209903717041,
        "accuracy": 0.9664216637611389,
        "mean_acc": 0.37256911396980286,
        "mean_acc_no_bg": 0.3495200574398041,
        "dice_per_class": [
            0.9936262369155884,
            0.532577395439148,
            0.7367128729820251,
            0.5880290269851685,
            0.14592862129211426,
            0.6904870867729187,
            0.017641521990299225,
            0.8019949793815613,
            0.6910456418991089,
            0.6052035689353943,
            0.5769428014755249,
            0.8230665922164917,
            0.21406006813049316,
            0.0,
            0.6764313578605652,
            0.5311409831047058,
            0.02208312787115574,
            0.0,
            0.0,
            0.0,
            0.0,
            0.0,
            0.5619016885757446,
            0.0,
            0.7582569122314453,
            0.5994647741317749,
            0.2810744643211365,
            0.001523077953606844
        ],
        "accuracy_per_class": [
            0.9948927164077759,
            0.5505467057228088,
            0.7629851698875427,
            0.48167383670806885,
            0.18358716368675232,
            0.6892127394676208,
            0.009490923956036568,
            0.7897213101387024,
            0.7075716853141785,
            0.6474409699440002,
            0.5306485891342163,
            0.8375511169433594,
            0.20953911542892456,
            0.0,
            0.5632679462432861,
            0.5138380527496338,
            0.015349268913269043,
            0.0,
            0.0,
            0.0,
            0.0,
            0.0,
            0.4622271656990051,
            0.0,
            0.7420105338096619,
            0.5373436808586121,
            0.20227326452732086,
            0.0007621193653903902
        ],
        "iou_per_class": [
            0.9873331785202026,
            0.3629339039325714,
            0.5831713676452637,
            0.41645970940589905,
            0.07870712876319885,
            0.5272853970527649,
            0.008899259380996227,
            0.6694420576095581,
            0.527937114238739,
            0.43390098214149475,
            0.40542489290237427,
            0.6993314623832703,
            0.11985849589109421,
            0.0,
            0.5110663771629333,
            0.3616010546684265,
            0.011164841242134571,
            0.0,
            0.0,
            0.0,
            0.0,
            0.0,
            0.3907255232334137,
            0.0,
            0.6106391549110413,
            0.428025484085083,
            0.1635175198316574,
            0.0007621193653903902
        ]
    },
    "mDice model": {
        "mIoU": 0.39018890261650085,
        "mDice": 0.509856641292572,
        "mDice_no_bg": 0.49191755056381226,
        "accuracy": 0.9705983400344849,
        "mean_acc": 0.4798073172569275,
        "mean_acc_no_bg": 0.4607250392436981,
        "dice_per_class": [
            0.9942124485969543,
            0.6815126538276672,
            0.7560634016990662,
            0.6738167405128479,
            0.25227540731430054,
            0.7492393255233765,
            0.17494896054267883,
            0.8268828988075256,
            0.6984880566596985,
            0.6324388384819031,
            0.6482622027397156,
            0.8462560772895813,
            0.2613113820552826,
            0.30170485377311707,
            0.7442207932472229,
            0.6098187565803528,
            0.23546327650547028,
            0.30799999833106995,
            0.0,
            0.0,
            0.3465660512447357,
            0.0,
            0.593506932258606,
            0.26720407605171204,
            0.7798272371292114,
            0.6496206521987915,
            0.4199153780937195,
            0.8244293928146362
        ],
        "accuracy_per_class": [
            0.995028555393219,
            0.6935704350471497,
            0.7709258794784546,
            0.7456809878349304,
            0.2861767113208771,
            0.7534707188606262,
            0.1347055286169052,
            0.8330655694007874,
            0.6743778586387634,
            0.6127258539199829,
            0.6488863825798035,
            0.8536614179611206,
            0.22583116590976715,
            0.20016856491565704,
            0.681027352809906,
            0.5045550465583801,
            0.1641003042459488,
            0.239130437374115,
            0.0,
            0.0,
            0.27111345529556274,
            0.0,
            0.5181615352630615,
            0.15962882339954376,
            0.7593684792518616,
            0.593975305557251,
            0.40194159746170044,
            0.713327169418335
        ],
        "iou_per_class": [
            0.9884914755821228,
            0.5168898105621338,
            0.6077989339828491,
            0.508087158203125,
            0.14434504508972168,
            0.5990269184112549,
            0.09585975855588913,
            0.7048596739768982,
            0.5366743206977844,
            0.46245741844177246,
            0.47957688570022583,
            0.7334869503974915,
            0.15029221773147583,
            0.17765159904956818,
            0.5926367044448853,
            0.4386613070964813,
            0.1334419846534729,
            0.18203309178352356,
            0.0,
            0.0,
            0.20960380136966705,
            0.0,
            0.4219764471054077,
            0.15420401096343994,
            0.639112114906311,
            0.4810653030872345,
            0.2657549977302551,
            0.7013014554977417
        ]
    }
}