{
    "train_time": 12114.141814470291,
    "best loss model": {
        "mIoU": 0.2839324176311493,
        "mDice": 0.3718359172344208,
        "mDice_no_bg": 0.3488169312477112,
        "accuracy": 0.9657472968101501,
        "mean_acc": 0.3555322289466858,
        "mean_acc_no_bg": 0.33186623454093933,
        "dice_per_class": [
            0.9933479428291321,
            0.49543607234954834,
            0.6853529810905457,
            0.5423476099967957,
            0.10994596034288406,
            0.6996040344238281,
            0.0,
            0.7928606271743774,
            0.6678175330162048,
            0.5906537771224976,
            0.589205801486969,
            0.8210216164588928,
            0.1585969775915146,
            0.0,
            0.6940860748291016,
            0.4017261564731598,
            0.0,
            0.21359223127365112,
            0.0,
            0.0,
            0.0016939227934926748,
            0.0,
            0.6371387839317322,
            0.0,
            0.7532150149345398,
            0.5631508231163025,
            0.0006117469747550786,
            0.0
        ],
        "accuracy_per_class": [
            0.9945138096809387,
            0.3998012840747833,
            0.6730145215988159,
            0.4608589708805084,
            0.09121688455343246,
            0.7860319018363953,
            0.0,
            0.8038856983184814,
            0.601519763469696,
            0.54121994972229,
            0.574844241142273,
            0.8674521446228027,
            0.09451297670602798,
            0.0,
            0.5978833436965942,
            0.3800227642059326,
            0.0,
            0.1195652186870575,
            0.0,
            0.0,
            0.0008569161873310804,
            0.0,
            0.6918712258338928,
            0.0,
            0.7488374710083008,
            0.526686429977417,
            0.00030604327912442386,
            0.0
        ],
        "iou_per_class": [
            0.9867838025093079,
            0.3292888104915619,
            0.5213208794593811,
            0.37206920981407166,
            0.058170802891254425,
            0.5379930734634399,
            0.0,
            0.6568094491958618,
            0.501295804977417,
            0.41909775137901306,
            0.41764119267463684,
            0.6963839530944824,
            0.0861283391714096,
            0.0,
            0.5314944982528687,
            0.2513500154018402,
            0.0,
            0.1195652186870575,
            0.0,
            0.0,
            0.0008476793300360441,
            0.0,
            0.46750086545944214,
            0.0,
            0.6041258573532104,
            0.3919345438480377,
            0.0003059670561924577,
            0.0
        ]
    },
    "mDice model": {
        "mIoU": 0.357286274433136,
        "mDice": 0.47146075963974,
        "mDice_no_bg": 0.4520907998085022,
        "accuracy": 0.9695550203323364,
        "mean_acc": 0.45169007778167725,
        "mean_acc_no_bg": 0.43155553936958313,
        "dice_per_class": [
            0.9944493174552917,
            0.59821617603302,
            0.7272970676422119,
            0.47119930386543274,
            0.23413455486297607,
            0.7261492013931274,
            0.12755905091762543,
            0.826089084148407,
            0.7104705572128296,
            0.6509334444999695,
            0.664981484413147,
            0.8402972221374512,
            0.3177901804447174,
            0.2865764796733856,
            0.748317301273346,
            0.5851150751113892,
            0.14916633069515228,
            0.2594594657421112,
            0.0,
            0.0,
            0.3312947154045105,
            0.0,
            0.7228419780731201,
            0.03705991432070732,
            0.7828552722930908,
            0.6342484951019287,
            0.28671520948410034,
            0.48768362402915955
        ],
        "accuracy_per_class": [
            0.995323121547699,
            0.6355862617492676,
            0.7004591226577759,
            0.46320289373397827,
            0.3102242350578308,
            0.717326283454895,
            0.10285691916942596,
            0.8127234578132629,
            0.6677533984184265,
            0.6345036029815674,
            0.6747307777404785,
            0.8634951710700989,
            0.2977142333984375,
            0.21464966237545013,
            0.7088539004325867,
            0.5137872099876404,
            0.1087484285235405,
            0.260869562625885,
            0.0,
            0.0,
            0.25272679328918457,
            0.0,
            0.716097891330719,
            0.019380982965230942,
            0.7660470008850098,
            0.5834295153617859,
            0.28717535734176636,
            0.3396567106246948
        ],
        "iou_per_class": [
            0.9889597296714783,
            0.42675352096557617,
            0.5714585781097412,
            0.30821502208709717,
            0.13258913159370422,
            0.5700425505638123,
            0.06812446564435959,
            0.7037068009376526,
            0.5509533286094666,
            0.48250651359558105,
            0.49810653924942017,
            0.7245798707008362,
            0.18891234695911407,
            0.16725373268127441,
            0.5978490114212036,
            0.4135425090789795,
            0.08059412986040115,
            0.14906832575798035,
            0.0,
            0.0,
            0.19853399693965912,
            0.0,
            0.5659769177436829,
            0.01887979917228222,
            0.6431899666786194,
            0.4643952250480652,
            0.1673482358455658,
            0.3224745988845825
        ]
    }
}