{
    "train_time": 13171.463643312454,
    "best loss model": {
        "mIoU": 0.13571083545684814,
        "mDice": 0.18545828759670258,
        "mDice_no_bg": 0.15577898919582367,
        "accuracy": 0.9458498954772949,
        "mean_acc": 0.17288358509540558,
        "mean_acc_no_bg": 0.142481729388237,
        "dice_per_class": [
            0.9867991805076599,
            0.20179082453250885,
            0.4856460988521576,
            0.0,
            0.0,
            0.45130544900894165,
            0.0,
            0.6839154362678528,
            0.1738424450159073,
            0.32239067554473877,
            0.30863094329833984,
            0.7193131446838379,
            0.0,
            0.0,
            0.2197963446378708,
            0.029924742877483368,
            0.0,
            0.0,
            0.0,
            0.0,
            0.0,
            0.0,
            0.055097468197345734,
            0.0,
            0.5543789267539978,
            0.0,
            0.0,
            0.0
        ],
        "accuracy_per_class": [
            0.9937335252761841,
            0.16931915283203125,
            0.46849551796913147,
            0.0,
            0.0,
            0.44534245133399963,
            0.0,
            0.6827656030654907,
            0.10854548960924149,
            0.2717318832874298,
            0.2788306474685669,
            0.7726038098335266,
            0.0,
            0.0,
            0.1314920037984848,
            0.015342850238084793,
            0.0,
            0.0,
            0.0,
            0.0,
            0.0,
            0.0,
            0.029459401965141296,
            0.0,
            0.4730781316757202,
            0.0,
            0.0,
            0.0
        ],
        "iou_per_class": [
            0.9739423394203186,
            0.11221766471862793,
            0.32069525122642517,
            0.0,
            0.0,
            0.2914102375507355,
            0.0,
            0.5196592211723328,
            0.09519575536251068,
            0.19217267632484436,
            0.1824740320444107,
            0.561661958694458,
            0.0,
            0.0,
            0.12346696108579636,
            0.015189643949270248,
            0.0,
            0.0,
            0.0,
            0.0,
            0.0,
            0.0,
            0.028329167515039444,
            0.0,
            0.38348838686943054,
            0.0,
            0.0,
            0.0
        ]
    },
    "mDice model": {
        "mIoU": 0.13571083545684814,
        "mDice": 0.18545828759670258,
        "mDice_no_bg": 0.15577898919582367,
        "accuracy": 0.9458498954772949,
        "mean_acc": 0.17288358509540558,
        "mean_acc_no_bg": 0.142481729388237,
        "dice_per_class": [
            0.9867991805076599,
            0.20179082453250885,
            0.4856460988521576,
            0.0,
            0.0,
            0.45130544900894165,
            0.0,
            0.6839154362678528,
            0.1738424450159073,
            0.32239067554473877,
            0.30863094329833984,
            0.7193131446838379,
            0.0,
            0.0,
            0.2197963446378708,
            0.029924742877483368,
            0.0,
            0.0,
            0.0,
            0.0,
            0.0,
            0.0,
            0.055097468197345734,
            0.0,
            0.5543789267539978,
            0.0,
            0.0,
            0.0
        ],
        "accuracy_per_class": [
            0.9937335252761841,
            0.16931915283203125,
            0.46849551796913147,
            0.0,
            0.0,
            0.44534245133399963,
            0.0,
            0.6827656030654907,
            0.10854548960924149,
            0.2717318832874298,
            0.2788306474685669,
            0.7726038098335266,
            0.0,
            0.0,
            0.1314920037984848,
            0.015342850238084793,
            0.0,
            0.0,
            0.0,
            0.0,
            0.0,
            0.0,
            0.029459401965141296,
            0.0,
            0.4730781316757202,
            0.0,
            0.0,
            0.0
        ],
        "iou_per_class": [
            0.9739423394203186,
            0.11221766471862793,
            0.32069525122642517,
            0.0,
            0.0,
            0.2914102375507355,
            0.0,
            0.5196592211723328,
            0.09519575536251068,
            0.19217267632484436,
            0.1824740320444107,
            0.561661958694458,
            0.0,
            0.0,
            0.12346696108579636,
            0.015189643949270248,
            0.0,
            0.0,
            0.0,
            0.0,
            0.0,
            0.0,
            0.028329167515039444,
            0.0,
            0.38348838686943054,
            0.0,
            0.0,
            0.0
        ]
    }
}