{
    "train_time": 14059.287545681,
    "best loss model": {
        "mIoU": 0.30043238401412964,
        "mDice": 0.38987791538238525,
        "mDice_no_bg": 0.36752039194107056,
        "accuracy": 0.9669644832611084,
        "mean_acc": 0.3692689836025238,
        "mean_acc_no_bg": 0.34609729051589966,
        "dice_per_class": [
            0.9935298562049866,
            0.5315391421318054,
            0.7183870673179626,
            0.5862418413162231,
            0.24390549957752228,
            0.7062889337539673,
            0.0,
            0.8082029223442078,
            0.675323486328125,
            0.6289892792701721,
            0.6149608492851257,
            0.8186070322990417,
            0.31449970602989197,
            0.0,
            0.6692293882369995,
            0.6312781572341919,
            0.0,
            0.0,
            0.0,
            0.0,
            0.025945767760276794,
            0.0,
            0.624309241771698,
            0.0,
            0.7488553524017334,
            0.5726702809333801,
            0.003817714750766754,
            0.0
        ],
        "accuracy_per_class": [
            0.9949051141738892,
            0.5247923135757446,
            0.6995487213134766,
            0.5064457654953003,
            0.19270265102386475,
            0.6830796599388123,
            0.0,
            0.7997066378593445,
            0.6217728853225708,
            0.5931662917137146,
            0.6726251840591431,
            0.8628007173538208,
            0.3066452443599701,
            0.0,
            0.5392617583274841,
            0.5132279992103577,
            0.0,
            0.0,
            0.0,
            0.0,
            0.013372124172747135,
            0.0,
            0.5486119985580444,
            0.0,
            0.7277196049690247,
            0.5372321605682373,
            0.0019145498517900705,
            0.0
        ],
        "iou_per_class": [
            0.9871426224708557,
            0.3619702458381653,
            0.5605335235595703,
            0.41466912627220154,
            0.13889087736606598,
            0.5459402203559875,
            0.0,
            0.678138017654419,
            0.509802520275116,
            0.4587778151035309,
            0.44400250911712646,
            0.6929168105125427,
            0.18659131228923798,
            0.0,
            0.5028886198997498,
            0.4612172544002533,
            0.0,
            0.0,
            0.0,
            0.0,
            0.013143392279744148,
            0.0,
            0.4538151025772095,
            0.0,
            0.5985361933708191,
            0.40121790766716003,
            0.001912508043460548,
            0.0
        ]
    },
    "mDice model": {
        "mIoU": 0.3729649782180786,
        "mDice": 0.4871097803115845,
        "mDice_no_bg": 0.46832001209259033,
        "accuracy": 0.969756543636322,
        "mean_acc": 0.4582517743110657,
        "mean_acc_no_bg": 0.43836700916290283,
        "dice_per_class": [
            0.9944327473640442,
            0.61142498254776,
            0.7365504503250122,
            0.4934413433074951,
            0.22652077674865723,
            0.6993652582168579,
            0.19938544929027557,
            0.8276153802871704,
            0.7205371856689453,
            0.6303352117538452,
            0.6531614661216736,
            0.8405017852783203,
            0.322407603263855,
            0.24819329380989075,
            0.7526230216026306,
            0.6707946062088013,
            0.2903214395046234,
            0.11930123716592789,
            0.03982636332511902,
            0.0,
            0.3174026310443878,
            0.0,
            0.6385063529014587,
            0.05120310187339783,
            0.7854824662208557,
            0.616540789604187,
            0.3051460087299347,
            0.8480523228645325
        ],
        "accuracy_per_class": [
            0.9951403141021729,
            0.643876314163208,
            0.7747802734375,
            0.405505895614624,
            0.20964381098747253,
            0.685369074344635,
            0.14019367098808289,
            0.8275548219680786,
            0.7098395824432373,
            0.6112679839134216,
            0.6495702266693115,
            0.8598374724388123,
            0.27686968445777893,
            0.1513044536113739,
            0.711951494216919,
            0.5832418203353882,
            0.19861172139644623,
            0.21739129722118378,
            0.020923834294080734,
            0.0,
            0.2577836513519287,
            0.0,
            0.5561212301254272,
            0.026369882747530937,
            0.7824413776397705,
            0.5485278367996216,
            0.23488466441631317,
            0.7520461082458496
        ],
        "iou_per_class": [
            0.9889270067214966,
            0.44032546877861023,
            0.5829678177833557,
            0.32752880454063416,
            0.12772677838802338,
            0.5377107262611389,
            0.11073189228773117,
            0.7059248089790344,
            0.5631560683250427,
            0.46021127700805664,
            0.4849590063095093,
            0.7248840928077698,
            0.192184716463089,
            0.14167846739292145,
            0.6033645272254944,
            0.5046583414077759,
            0.16981053352355957,
            0.06343452632427216,
            0.020317772403359413,
            0.0,
            0.18863849341869354,
            0.0,
            0.46897491812705994,
            0.026274211704730988,
            0.646744430065155,
            0.4456516206264496,
            0.18004266917705536,
            0.7361899614334106
        ]
    }
}