{
    "train_time": 16263.059155225754,
    "best loss model": {
        "mIoU": 0.15377691388130188,
        "mDice": 0.20683377981185913,
        "mDice_no_bg": 0.17791277170181274,
        "accuracy": 0.9501319527626038,
        "mean_acc": 0.19844137132167816,
        "mean_acc_no_bg": 0.16895608603954315,
        "dice_per_class": [
            0.9877007007598877,
            0.30103960633277893,
            0.5624974370002747,
            0.0017053447663784027,
            0.0,
            0.5218279957771301,
            0.0,
            0.6931475400924683,
            0.49093562364578247,
            0.3903740346431732,
            0.3994985818862915,
            0.7396311163902283,
            0.0,
            0.0,
            0.12250108271837234,
            0.00011595771502470598,
            0.0,
            0.0,
            0.0,
            0.0,
            0.0,
            0.0,
            0.0023000489454716444,
            0.0,
            0.5780706405639648,
            0.0,
            0.0,
            0.0
        ],
        "accuracy_per_class": [
            0.9945443272590637,
            0.25237414240837097,
            0.6274239420890808,
            0.0009473955142311752,
            0.0,
            0.5029211044311523,
            0.0,
            0.6770689487457275,
            0.4302152097225189,
            0.32014408707618713,
            0.3653549551963806,
            0.7463417649269104,
            0.0,
            0.0,
            0.06580623239278793,
            5.798950223834254e-05,
            0.0,
            0.0,
            0.0,
            0.0,
            0.0,
            0.0,
            0.0011525825830176473,
            0.0,
            0.5720058679580688,
            0.0,
            0.0,
            0.0
        ],
        "iou_per_class": [
            0.9757000207901001,
            0.17719048261642456,
            0.39130187034606934,
            0.0008534000371582806,
            0.0,
            0.3530224859714508,
            0.0,
            0.5303946137428284,
            0.32532450556755066,
            0.24252469837665558,
            0.24960839748382568,
            0.5868370532989502,
            0.0,
            0.0,
            0.06524695456027985,
            5.798221900477074e-05,
            0.0,
            0.0,
            0.0,
            0.0,
            0.0,
            0.0,
            0.0011513485806062818,
            0.0,
            0.406539648771286,
            0.0,
            0.0,
            0.0
        ]
    },
    "mDice model": {
        "mIoU": 0.19476701319217682,
        "mDice": 0.2680772542953491,
        "mDice_no_bg": 0.2413439303636551,
        "accuracy": 0.9515350461006165,
        "mean_acc": 0.25470495223999023,
        "mean_acc_no_bg": 0.22737033665180206,
        "dice_per_class": [
            0.9898762106895447,
            0.37620604038238525,
            0.5671065449714661,
            0.033317141234874725,
            0.028708091005682945,
            0.546180784702301,
            0.0,
            0.712260901927948,
            0.48544034361839294,
            0.4055696427822113,
            0.4418928027153015,
            0.7522550225257874,
            0.0166777390986681,
            0.0,
            0.4974764883518219,
            0.2876057028770447,
            0.0,
            0.0,
            0.0,
            0.0,
            0.0010145922424271703,
            0.0,
            0.3868900239467621,
            0.0,
            0.647740364074707,
            0.32994386553764343,
            0.0,
            0.0
        ],
        "accuracy_per_class": [
            0.9927389621734619,
            0.35765203833580017,
            0.5878825187683105,
            0.028893381357192993,
            0.03778393939137459,
            0.5250115394592285,
            0.0,
            0.6853331923484802,
            0.4088616967201233,
            0.37651023268699646,
            0.43500223755836487,
            0.7684425711631775,
            0.01852194406092167,
            0.0,
            0.4164136052131653,
            0.22863328456878662,
            0.0,
            0.0,
            0.0,
            0.0,
            0.0005136882537044585,
            0.0,
            0.34395432472229004,
            0.0,
            0.6164291501045227,
            0.3031597137451172,
            0.0,
            0.0
        ],
        "iou_per_class": [
            0.97995525598526,
            0.23168335855007172,
            0.3957771956920624,
            0.016940778121352196,
            0.014563084580004215,
            0.3756868541240692,
            0.0,
            0.5531096458435059,
            0.32051584124565125,
            0.2543664872646332,
            0.28360873460769653,
            0.6028916835784912,
            0.008408990688621998,
            0.0,
            0.331093966960907,
            0.16795529425144196,
            0.0,
            0.0,
            0.0,
            0.0,
            0.0005075535736978054,
            0.0,
            0.2398410588502884,
            0.0,
            0.47900593280792236,
            0.19756454229354858,
            0.0,
            0.0
        ]
    }
}