{
    "train_time": 13248.6390812397,
    "best loss model": {
        "mIoU": 0.09675833582878113,
        "mDice": 0.12076521664857864,
        "mDice_no_bg": 0.08863150328397751,
        "accuracy": 0.9449431300163269,
        "mean_acc": 0.13707098364830017,
        "mean_acc_no_bg": 0.1054474487900734,
        "dice_per_class": [
            0.9883749485015869,
            0.0006663279491476715,
            0.574164867401123,
            0.0,
            0.0,
            0.46115007996559143,
            0.0,
            0.638590395450592,
            0.0,
            0.0002527193573769182,
            1.7715074136503972e-06,
            0.718218982219696,
            0.0,
            0.0,
            0.0,
            0.0,
            0.0,
            0.0,
            0.0,
            0.0,
            0.0,
            0.0,
            0.0,
            0.0,
            0.0,
            5.575332579610404e-06,
            0.0,
            0.0
        ],
        "accuracy_per_class": [
            0.990906298160553,
            0.00033682366483844817,
            0.5479952096939087,
            0.0,
            0.0,
            0.6906551122665405,
            0.0,
            0.7276788949966431,
            0.0,
            0.00012639930355362594,
            8.858094133756822e-07,
            0.8802850246429443,
            0.0,
            0.0,
            0.0,
            0.0,
            0.0,
            0.0,
            0.0,
            0.0,
            0.0,
            0.0,
            0.0,
            0.0,
            0.0,
            2.787674020510167e-06,
            0.0,
            0.0
        ],
        "iou_per_class": [
            0.9770169854164124,
            0.00033327500568702817,
            0.4026866853237152,
            0.0,
            0.0,
            0.2996719181537628,
            0.0,
            0.4690655767917633,
            0.0,
            0.00012637564213946462,
            8.857545026330627e-07,
            0.5603289604187012,
            0.0,
            0.0,
            0.0,
            0.0,
            0.0,
            0.0,
            0.0,
            0.0,
            0.0,
            0.0,
            0.0,
            0.0,
            0.0,
            2.787674020510167e-06,
            0.0,
            0.0
        ]
    },
    "mDice model": {
        "mIoU": 0.09675833582878113,
        "mDice": 0.12076521664857864,
        "mDice_no_bg": 0.08863150328397751,
        "accuracy": 0.9449431300163269,
        "mean_acc": 0.13707098364830017,
        "mean_acc_no_bg": 0.1054474487900734,
        "dice_per_class": [
            0.9883749485015869,
            0.0006663279491476715,
            0.574164867401123,
            0.0,
            0.0,
            0.46115007996559143,
            0.0,
            0.638590395450592,
            0.0,
            0.0002527193573769182,
            1.7715074136503972e-06,
            0.718218982219696,
            0.0,
            0.0,
            0.0,
            0.0,
            0.0,
            0.0,
            0.0,
            0.0,
            0.0,
            0.0,
            0.0,
            0.0,
            0.0,
            5.575332579610404e-06,
            0.0,
            0.0
        ],
        "accuracy_per_class": [
            0.990906298160553,
            0.00033682366483844817,
            0.5479952096939087,
            0.0,
            0.0,
            0.6906551122665405,
            0.0,
            0.7276788949966431,
            0.0,
            0.00012639930355362594,
            8.858094133756822e-07,
            0.8802850246429443,
            0.0,
            0.0,
            0.0,
            0.0,
            0.0,
            0.0,
            0.0,
            0.0,
            0.0,
            0.0,
            0.0,
            0.0,
            0.0,
            2.787674020510167e-06,
            0.0,
            0.0
        ],
        "iou_per_class": [
            0.9770169854164124,
            0.00033327500568702817,
            0.4026866853237152,
            0.0,
            0.0,
            0.2996719181537628,
            0.0,
            0.4690655767917633,
            0.0,
            0.00012637564213946462,
            8.857545026330627e-07,
            0.5603289604187012,
            0.0,
            0.0,
            0.0,
            0.0,
            0.0,
            0.0,
            0.0,
            0.0,
            0.0,
            0.0,
            0.0,
            0.0,
            0.0,
            2.787674020510167e-06,
            0.0,
            0.0
        ]
    }
}