{
    "train_time": 13310.189881563187,
    "best loss model": {
        "mIoU": 0.33688884973526,
        "mDice": 0.44081151485443115,
        "mDice_no_bg": 0.4203210175037384,
        "accuracy": 0.9686267971992493,
        "mean_acc": 0.4118253290653229,
        "mean_acc_no_bg": 0.3902251720428467,
        "dice_per_class": [
            0.9940552711486816,
            0.5786977410316467,
            0.7209818363189697,
            0.5976069569587708,
            0.16674993932247162,
            0.7190282940864563,
            0.06377839297056198,
            0.8208249807357788,
            0.7297507524490356,
            0.6216297149658203,
            0.6164888143539429,
            0.8398913145065308,
            0.24959038197994232,
            0.0022148818243294954,
            0.6827214360237122,
            0.5326759815216064,
            0.3294914662837982,
            0.0,
            0.0,
            0.0,
            0.14261651039123535,
            0.0,
            0.6451643705368042,
            0.0,
            0.7612582445144653,
            0.5979817509651184,
            0.2549170255661011,
            0.6746060252189636
        ],
        "accuracy_per_class": [
            0.995028555393219,
            0.5508456230163574,
            0.7518947124481201,
            0.5984281897544861,
            0.1572948694229126,
            0.6953604221343994,
            0.05360828712582588,
            0.8369544744491577,
            0.718219518661499,
            0.6101056933403015,
            0.6147871613502502,
            0.8608750104904175,
            0.20129160583019257,
            0.0011109834304079413,
            0.5671399235725403,
            0.4449121654033661,
            0.21870264410972595,
            0.0,
            0.0,
            0.0,
            0.07927003502845764,
            0.0,
            0.6133467555046082,
            0.0,
            0.7348624467849731,
            0.5199346542358398,
            0.19611680507659912,
            0.5110176205635071
        ],
        "iou_per_class": [
            0.9881807565689087,
            0.407160222530365,
            0.5636994242668152,
            0.42613375186920166,
            0.09095863997936249,
            0.5613147616386414,
            0.032939612865448,
            0.6961010098457336,
            0.5744941234588623,
            0.45098888874053955,
            0.44559726119041443,
            0.7239764332771301,
            0.14258970320224762,
            0.0011086686281487346,
            0.5182817578315735,
            0.3630254566669464,
            0.1972402185201645,
            0.0,
            0.0,
            0.0,
            0.07678355276584625,
            0.0,
            0.4761938154697418,
            0.0,
            0.6145415306091309,
            0.42651495337486267,
            0.14607730507850647,
            0.5089852809906006
        ]
    },
    "mDice model": {
        "mIoU": 0.3661242425441742,
        "mDice": 0.483876496553421,
        "mDice_no_bg": 0.46497297286987305,
        "accuracy": 0.969973087310791,
        "mean_acc": 0.45150452852249146,
        "mean_acc_no_bg": 0.4313645362854004,
        "dice_per_class": [
            0.9942710399627686,
            0.5900059342384338,
            0.7395384907722473,
            0.5723932385444641,
            0.1973501592874527,
            0.7326956391334534,
            0.09711777418851852,
            0.8315368294715881,
            0.7181998491287231,
            0.6127402186393738,
            0.6455369591712952,
            0.851447343826294,
            0.33661994338035583,
            0.2043541818857193,
            0.7389153242111206,
            0.6093196272850037,
            0.2976839542388916,
            0.31064572930336,
            0.004888921044766903,
            0.0,
            0.2990070581436157,
            0.0,
            0.6393160820007324,
            0.19808143377304077,
            0.7724179029464722,
            0.620254635810852,
            0.2757555842399597,
            0.6584464311599731
        ],
        "accuracy_per_class": [
            0.9952834844589233,
            0.6012849807739258,
            0.7529585361480713,
            0.5368476510047913,
            0.1842692792415619,
            0.7169087529182434,
            0.08227396011352539,
            0.831819474697113,
            0.7161272168159485,
            0.5888373255729675,
            0.6449631452560425,
            0.868579626083374,
            0.2829879820346832,
            0.11929663270711899,
            0.6938822865486145,
            0.5158511996269226,
            0.20817649364471436,
            0.2763975262641907,
            0.0024616275914013386,
            0.0,
            0.2193388044834137,
            0.0,
            0.5719439387321472,
            0.11399541795253754,
            0.7736873626708984,
            0.5582373142242432,
            0.2796523869037628,
            0.5060638189315796
        ],
        "iou_per_class": [
            0.9886072278022766,
            0.4184456765651703,
            0.5867204070091248,
            0.4009459912776947,
            0.10947781056165695,
            0.5781528353691101,
            0.051037196069955826,
            0.711650013923645,
            0.560305655002594,
            0.4416910707950592,
            0.47659993171691895,
            0.7413219809532166,
            0.2023710459470749,
            0.113805390894413,
            0.5859363079071045,
            0.4381450116634369,
            0.17486996948719025,
            0.18388429284095764,
            0.0024504505563527346,
            0.0,
            0.17578382790088654,
            0.0,
            0.4698490798473358,
            0.10992807149887085,
            0.6292189359664917,
            0.4495428204536438,
            0.1599283665418625,
            0.4908088743686676
        ]
    }
}