{
    "train_time": 15455.680505037308,
    "best loss model": {
        "mIoU": 0.2932938039302826,
        "mDice": 0.38220542669296265,
        "mDice_no_bg": 0.35955941677093506,
        "accuracy": 0.9674208164215088,
        "mean_acc": 0.35898616909980774,
        "mean_acc_no_bg": 0.3354465067386627,
        "dice_per_class": [
            0.9936479926109314,
            0.53751140832901,
            0.7150368690490723,
            0.4979437589645386,
            0.17136286199092865,
            0.6964962482452393,
            0.0,
            0.823543131351471,
            0.6660206913948059,
            0.5992087721824646,
            0.6181097626686096,
            0.8368295431137085,
            0.20812450349330902,
            0.0,
            0.5914514660835266,
            0.589155375957489,
            0.031747929751873016,
            0.0,
            0.0,
            0.0,
            0.033577412366867065,
            0.0,
            0.6584563851356506,
            0.0,
            0.7570716738700867,
            0.5836684107780457,
            0.09278763830661774,
            0.0
        ],
        "accuracy_per_class": [
            0.9945564866065979,
            0.5642256140708923,
            0.7622684240341187,
            0.33514663577079773,
            0.13541801273822784,
            0.7131200432777405,
            0.0,
            0.8212882280349731,
            0.6089005470275879,
            0.560860812664032,
            0.6388188004493713,
            0.8655840158462524,
            0.1728045791387558,
            0.0,
            0.4442839026451111,
            0.451767235994339,
            0.016450833529233932,
            0.0,
            0.0,
            0.0,
            0.017274027690291405,
            0.0,
            0.6404265761375427,
            0.0,
            0.7546023726463318,
            0.5014516115188599,
            0.05236302688717842,
            0.0
        ],
        "iou_per_class": [
            0.9873760938644409,
            0.36753201484680176,
            0.5564649105072021,
            0.331508070230484,
            0.09371070563793182,
            0.5343262553215027,
            0.0,
            0.7000197768211365,
            0.4992735981941223,
            0.42776450514793396,
            0.4472929835319519,
            0.7194384336471558,
            0.11614897847175598,
            0.0,
            0.41990140080451965,
            0.41759055852890015,
            0.016130011528730392,
            0.0,
            0.0,
            0.0,
            0.01707538031041622,
            0.0,
            0.49081993103027344,
            0.0,
            0.609103262424469,
            0.4120986759662628,
            0.04865092411637306,
            0.0
        ]
    },
    "mDice model": {
        "mIoU": 0.3793007433414459,
        "mDice": 0.49131232500076294,
        "mDice_no_bg": 0.4726715087890625,
        "accuracy": 0.9702295660972595,
        "mean_acc": 0.4619155526161194,
        "mean_acc_no_bg": 0.4421640932559967,
        "dice_per_class": [
            0.9946138262748718,
            0.5828808546066284,
            0.73503178358078,
            0.7221086025238037,
            0.15103231370449066,
            0.7297476530075073,
            0.1253359168767929,
            0.8289210796356201,
            0.6767715215682983,
            0.6346613764762878,
            0.6520662307739258,
            0.8436132669448853,
            0.2777608036994934,
            6.056109850760549e-05,
            0.7434402704238892,
            0.6758387684822083,
            0.41149818897247314,
            0.35546037554740906,
            0.014927362091839314,
            0.0,
            0.3259287178516388,
            0.0,
            0.6450600624084473,
            0.09242496639490128,
            0.7855720520019531,
            0.6452059745788574,
            0.28342950344085693,
            0.8233512043952942
        ],
        "accuracy_per_class": [
            0.9952033162117004,
            0.5962913632392883,
            0.7421606779098511,
            0.755340576171875,
            0.1463567167520523,
            0.7371020317077637,
            0.08666916936635971,
            0.8320264220237732,
            0.6575294137001038,
            0.6413238644599915,
            0.6507877707481384,
            0.8599410057067871,
            0.2397228181362152,
            3.6403347621671855e-05,
            0.6699647307395935,
            0.5737578272819519,
            0.30812007188796997,
            0.2426900565624237,
            0.00767649058252573,
            0.0,
            0.2622429132461548,
            0.0,
            0.5934938192367554,
            0.04875188320875168,
            0.7737662196159363,
            0.5751091241836548,
            0.22192786633968353,
            0.7156417369842529
        ],
        "iou_per_class": [
            0.989285409450531,
            0.4113139510154724,
            0.5810673832893372,
            0.5650781989097595,
            0.0816846713423729,
            0.5744903087615967,
            0.06685779988765717,
            0.7078268527984619,
            0.5114547610282898,
            0.46483808755874634,
            0.48375239968299866,
            0.7295251488685608,
            0.1612788736820221,
            3.0281466024462134e-05,
            0.5916473865509033,
            0.510390043258667,
            0.2590479850769043,
            0.2161458283662796,
            0.007519806735217571,
            0.0,
            0.19469225406646729,
            0.0,
            0.4760802090167999,
            0.04845155030488968,
            0.6468659043312073,
            0.4762391448020935,
            0.16511380672454834,
            0.6997425556182861
        ]
    }
}