{
    "train_time": 15176.421300172806,
    "best loss model": {
        "mIoU": 0.14967499673366547,
        "mDice": 0.20244599878787994,
        "mDice_no_bg": 0.17335592210292816,
        "accuracy": 0.9478431344032288,
        "mean_acc": 0.197832390666008,
        "mean_acc_no_bg": 0.16839945316314697,
        "dice_per_class": [
            0.987877607345581,
            0.3213464319705963,
            0.5301306247711182,
            0.04326348006725311,
            0.0,
            0.4989893138408661,
            0.0,
            0.6857157945632935,
            0.3967507779598236,
            0.36464354395866394,
            0.37526363134384155,
            0.7307090759277344,
            0.00930806901305914,
            0.0,
            0.0,
            0.0,
            0.0,
            0.0,
            0.0,
            0.0,
            0.0,
            0.0,
            0.1038769781589508,
            0.0,
            0.6206120252609253,
            0.0,
            0.0,
            0.0
        ],
        "accuracy_per_class": [
            0.9925219416618347,
            0.2813137471675873,
            0.5105766654014587,
            0.024317940697073936,
            0.0,
            0.5554854273796082,
            0.0,
            0.7419130802154541,
            0.26552364230155945,
            0.30606770515441895,
            0.45624658465385437,
            0.7281785011291504,
            0.005072187166661024,
            0.0,
            0.0,
            0.0,
            0.0,
            0.0,
            0.0,
            0.0,
            0.0,
            0.0,
            0.058884043246507645,
            0.0,
            0.61320561170578,
            0.0,
            0.0,
            0.0
        ],
        "iou_per_class": [
            0.9760453701019287,
            0.19143107533454895,
            0.36066514253616333,
            0.022110018879175186,
            0.0,
            0.3324355483055115,
            0.0,
            0.5217408537864685,
            0.24746668338775635,
            0.2229749709367752,
            0.23096895217895508,
            0.5756829380989075,
            0.004675795789808035,
            0.0,
            0.0,
            0.0,
            0.0,
            0.0,
            0.0,
            0.0,
            0.0,
            0.0,
            0.05478388071060181,
            0.0,
            0.4499184191226959,
            0.0,
            0.0,
            0.0
        ]
    },
    "mDice model": {
        "mIoU": 0.17724531888961792,
        "mDice": 0.2449287325143814,
        "mDice_no_bg": 0.21735253930091858,
        "accuracy": 0.9500293135643005,
        "mean_acc": 0.23299956321716309,
        "mean_acc_no_bg": 0.2048662155866623,
        "dice_per_class": [
            0.9894854426383972,
            0.38644853234291077,
            0.5718163847923279,
            0.11725270003080368,
            0.051377393305301666,
            0.502286434173584,
            1.7663787730270997e-05,
            0.6981037855148315,
            0.5101268291473389,
            0.3947369158267975,
            0.4027440547943115,
            0.7382831573486328,
            0.06119505688548088,
            0.0,
            0.0,
            0.20973807573318481,
            0.0,
            0.0,
            0.0,
            0.0,
            2.0135106751695275e-05,
            0.0,
            0.30397558212280273,
            0.0,
            0.6322009563446045,
            0.2851531505584717,
            0.003041844582185149,
            0.0
        ],
        "accuracy_per_class": [
            0.9925997257232666,
            0.3708687722682953,
            0.6092296242713928,
            0.08032778650522232,
            0.0803823247551918,
            0.47981154918670654,
            9.153905011771712e-06,
            0.6764471530914307,
            0.39017608761787415,
            0.3835131824016571,
            0.3841853141784668,
            0.7511875629425049,
            0.06453364342451096,
            0.0,
            0.0,
            0.1560594141483307,
            0.0,
            0.0,
            0.0,
            0.0,
            1.0072319128084928e-05,
            0.0,
            0.2670382857322693,
            0.0,
            0.5852499604225159,
            0.2507629096508026,
            0.0015949502121657133,
            0.0
        ],
        "iou_per_class": [
            0.9791896343231201,
            0.23950183391571045,
            0.40038013458251953,
            0.06227744743227959,
            0.02636600472033024,
            0.335368812084198,
            8.83197208167985e-06,
            0.5362207889556885,
            0.34239616990089417,
            0.2459016889333725,
            0.25214746594429016,
            0.585141658782959,
            0.03156328573822975,
            0.0,
            0.0,
            0.11715496331453323,
            0.0,
            0.0,
            0.0,
            0.0,
            1.0067654329759534e-05,
            0.0,
            0.1792283058166504,
            0.0,
            0.46220311522483826,
            0.16628490388393402,
            0.0015232390724122524,
            0.0
        ]
    }
}