{
    "train_time": 13247.93818116188,
    "best loss model": {
        "mIoU": 0.15236203372478485,
        "mDice": 0.20679810643196106,
        "mDice_no_bg": 0.17787572741508484,
        "accuracy": 0.9468185901641846,
        "mean_acc": 0.20839695632457733,
        "mean_acc_no_bg": 0.17935100197792053,
        "dice_per_class": [
            0.9877016544342041,
            0.3244158923625946,
            0.551381528377533,
            0.006836635991930962,
            0.0,
            0.4717913568019867,
            0.0,
            0.6983537077903748,
            0.4209447503089905,
            0.4091566205024719,
            0.33123090863227844,
            0.7076345086097717,
            0.0,
            0.0,
            0.0,
            0.012912551872432232,
            0.0,
            0.0,
            0.0,
            0.0,
            0.0,
            0.0,
            0.24691541492938995,
            0.0,
            0.621015191078186,
            5.574011811404489e-05,
            0.0,
            0.0
        ],
        "accuracy_per_class": [
            0.9926376342773438,
            0.31847941875457764,
            0.6063116788864136,
            0.004260404035449028,
            0.0,
            0.4814523160457611,
            0.0,
            0.7351009845733643,
            0.5047686100006104,
            0.4956534802913666,
            0.27434492111206055,
            0.6688129305839539,
            0.0,
            0.0,
            0.0,
            0.00672075804322958,
            0.0,
            0.0,
            0.0,
            0.0,
            0.0,
            0.0,
            0.16874879598617554,
            0.0,
            0.5777946710586548,
            2.787674020510167e-05,
            0.0,
            0.0
        ],
        "iou_per_class": [
            0.9757021069526672,
            0.19361361861228943,
            0.38062575459480286,
            0.003430043114349246,
            0.0,
            0.3087218105792999,
            0.0,
            0.5365157127380371,
            0.26658013463020325,
            0.25719478726387024,
            0.19848816096782684,
            0.547549843788147,
            0.0,
            0.0,
            0.0,
            0.006498230621218681,
            0.0,
            0.0,
            0.0,
            0.0,
            0.0,
            0.0,
            0.14084626734256744,
            0.0,
            0.4503422975540161,
            2.787083576549776e-05,
            0.0,
            0.0
        ]
    },
    "mDice model": {
        "mIoU": 0.18837858736515045,
        "mDice": 0.2620965242385864,
        "mDice_no_bg": 0.2351638674736023,
        "accuracy": 0.9501760005950928,
        "mean_acc": 0.24912776052951813,
        "mean_acc_no_bg": 0.22160197794437408,
        "dice_per_class": [
            0.9892786741256714,
            0.3731553554534912,
            0.573473334312439,
            0.18387876451015472,
            0.002704089041799307,
            0.5262753367424011,
            0.0,
            0.7039580941200256,
            0.5032506585121155,
            0.41484203934669495,
            0.4370342195034027,
            0.7450495362281799,
            0.09640491753816605,
            0.0,
            0.29523828625679016,
            0.25195202231407166,
            0.0,
            0.0,
            0.0,
            0.0,
            0.002822614274919033,
            0.0,
            0.352297842502594,
            0.0,
            0.6294757723808289,
            0.25758275389671326,
            2.846691495506093e-05,
            0.0
        ],
        "accuracy_per_class": [
            0.9923232793807983,
            0.38132229447364807,
            0.5855067372322083,
            0.17948387563228607,
            0.00493600545451045,
            0.5178611278533936,
            0.0,
            0.6958497166633606,
            0.43249449133872986,
            0.4081927537918091,
            0.3963589668273926,
            0.739180862903595,
            0.12837709486484528,
            0.0,
            0.19341765344142914,
            0.18487676978111267,
            0.0,
            0.0,
            0.0,
            0.0,
            0.0014281936455518007,
            0.0,
            0.30974844098091125,
            0.0,
            0.5932760834693909,
            0.23092812299728394,
            1.4234571608540136e-05,
            0.0
        ],
        "iou_per_class": [
            0.9787847995758057,
            0.22937367856502533,
            0.40200671553611755,
            0.10124807059764862,
            0.0013538750354200602,
            0.35710564255714417,
            0.0,
            0.5431600213050842,
            0.3362290859222412,
            0.2617039084434509,
            0.2796185612678528,
            0.593688428401947,
            0.05064360424876213,
            0.0,
            0.17318448424339294,
            0.14413335919380188,
            0.0,
            0.0,
            0.0,
            0.0,
            0.0014133017975836992,
            0.0,
            0.21381159126758575,
            0.0,
            0.4592956304550171,
            0.14783069491386414,
            1.4233659385354258e-05,
            0.0
        ]
    }
}