{
    "train_time": 6042.532827138901,
    "best loss model": {
        "mIoU": 0.18387526273727417,
        "mDice": 0.2445094883441925,
        "mDice_no_bg": 0.2169293612241745,
        "accuracy": 0.9559110403060913,
        "mean_acc": 0.2375967800617218,
        "mean_acc_no_bg": 0.20958052575588226,
        "dice_per_class": [
            0.9891722202301025,
            0.3468107581138611,
            0.6243030428886414,
            0.12282800674438477,
            0.0,
            0.576522946357727,
            0.0,
            0.7493110299110413,
            0.5852808952331543,
            0.5278041362762451,
            0.5143089890480042,
            0.7795268893241882,
            0.10265295952558517,
            0.0,
            0.0,
            0.0,
            0.0,
            0.0,
            0.0,
            0.0,
            0.0,
            0.0,
            0.29536595940589905,
            0.0,
            0.6140369772911072,
            0.018340611830353737,
            0.0,
            0.0
        ],
        "accuracy_per_class": [
            0.9940352439880371,
            0.3569013476371765,
            0.620729923248291,
            0.07933032512664795,
            0.0,
            0.5613423585891724,
            0.0,
            0.7562186121940613,
            0.6064566969871521,
            0.503497838973999,
            0.4795309007167816,
            0.8011444807052612,
            0.06793631613254547,
            0.0,
            0.0,
            0.0,
            0.0,
            0.0,
            0.0,
            0.0,
            0.0,
            0.0,
            0.22097641229629517,
            0.0,
            0.5952239632606506,
            0.00938484538346529,
            0.0,
            0.0
        ],
        "iou_per_class": [
            0.9785765409469604,
            0.20978286862373352,
            0.4538085162639618,
            0.06543247401714325,
            0.0,
            0.4050103425979614,
            0.0,
            0.5991186499595642,
            0.4137082099914551,
            0.3585149049758911,
            0.346174955368042,
            0.6387088298797607,
            0.054103415459394455,
            0.0,
            0.0,
            0.0,
            0.0,
            0.0,
            0.0,
            0.0,
            0.0,
            0.0,
            0.17327234148979187,
            0.0,
            0.4430399537086487,
            0.009255178272724152,
            0.0,
            0.0
        ]
    },
    "mDice model": {
        "mIoU": 0.22470414638519287,
        "mDice": 0.30190300941467285,
        "mDice_no_bg": 0.2763805091381073,
        "accuracy": 0.9595450758934021,
        "mean_acc": 0.2879788875579834,
        "mean_acc_no_bg": 0.26186901330947876,
        "dice_per_class": [
            0.9910102486610413,
            0.506090521812439,
            0.6487025618553162,
            0.0480913482606411,
            0.0012849046615883708,
            0.6291214823722839,
            0.046627502888441086,
            0.7767813801765442,
            0.5752236843109131,
            0.538269579410553,
            0.5519869923591614,
            0.799761176109314,
            0.3380798101425171,
            0.03214014694094658,
            0.0,
            0.32281333208084106,
            0.00038148523890413344,
            0.0,
            0.0,
            0.0,
            0.017024915665388107,
            0.0,
            0.4678589701652527,
            0.0,
            0.6689349412918091,
            0.4053594172000885,
            0.058546554297208786,
            0.029193274676799774
        ],
        "accuracy_per_class": [
            0.992945671081543,
            0.5001053810119629,
            0.6693083047866821,
            0.031846195459365845,
            0.0013897850876674056,
            0.6161845326423645,
            0.034369442611932755,
            0.7762368321418762,
            0.5380500555038452,
            0.5123845338821411,
            0.5423610806465149,
            0.8306528925895691,
            0.27422142028808594,
            0.017868097871541977,
            0.0,
            0.27022725343704224,
            0.00019638649246189743,
            0.0,
            0.0,
            0.0,
            0.009296204894781113,
            0.0,
            0.40761253237724304,
            0.0,
            0.6368553638458252,
            0.3447701930999756,
            0.04168093204498291,
            0.014846235513687134
        ],
        "iou_per_class": [
            0.9821807146072388,
            0.33876919746398926,
            0.48005902767181396,
            0.024638114497065544,
            0.0006428653141483665,
            0.4589184820652008,
            0.023870257660746574,
            0.6350306868553162,
            0.403729110956192,
            0.3682413697242737,
            0.3812030255794525,
            0.6663350462913513,
            0.2034272402524948,
            0.016332538798451424,
            0.0,
            0.19247311353683472,
            0.00019077901379205287,
            0.0,
            0.0,
            0.0,
            0.008585541509091854,
            0.0,
            0.30536285042762756,
            0.0,
            0.5025561451911926,
            0.25420111417770386,
            0.03015604428946972,
            0.014812855049967766
        ]
    }
}