{
    "train_time": 10006.119622468948,
    "best loss model": {
        "mIoU": 0.22441795468330383,
        "mDice": 0.2921176552772522,
        "mDice_no_bg": 0.26617056131362915,
        "accuracy": 0.9631416201591492,
        "mean_acc": 0.28830045461654663,
        "mean_acc_no_bg": 0.26212599873542786,
        "dice_per_class": [
            0.9926884174346924,
            0.43476417660713196,
            0.680633544921875,
            0.5458465814590454,
            0.00021834591461811215,
            0.6241574883460999,
            0.0,
            0.7961381077766418,
            0.6384128332138062,
            0.5576037764549255,
            0.5677018761634827,
            0.8115912675857544,
            0.05803772062063217,
            0.0,
            0.0,
            0.0,
            0.0,
            0.0,
            0.0,
            0.0,
            0.0,
            0.0,
            0.5521512031555176,
            0.0,
            0.7114521265029907,
            0.20789624750614166,
            0.0,
            0.0
        ],
        "accuracy_per_class": [
            0.9950106739997864,
            0.40397998690605164,
            0.7413501143455505,
            0.6875933408737183,
            0.00011161821748828515,
            0.5731626152992249,
            0.0,
            0.800757884979248,
            0.5861857533454895,
            0.48191967606544495,
            0.5812956094741821,
            0.8606581687927246,
            0.032070454210042953,
            0.0,
            0.0,
            0.0,
            0.0,
            0.0,
            0.0,
            0.0,
            0.0,
            0.0,
            0.5385429859161377,
            0.0,
            0.6700513362884521,
            0.11972223967313766,
            0.0,
            0.0
        ],
        "iou_per_class": [
            0.9854829907417297,
            0.2777627408504486,
            0.5158790946006775,
            0.37537071108818054,
            0.0001091848753276281,
            0.45365476608276367,
            0.0,
            0.6613200902938843,
            0.4688740372657776,
            0.38658156991004944,
            0.39635732769966125,
            0.6829226613044739,
            0.029886122792959213,
            0.0,
            0.0,
            0.0,
            0.0,
            0.0,
            0.0,
            0.0,
            0.0,
            0.0,
            0.38135969638824463,
            0.0,
            0.5521347522735596,
            0.11600682139396667,
            0.0,
            0.0
        ]
    },
    "mDice model": {
        "mIoU": 0.3173705041408539,
        "mDice": 0.4146730303764343,
        "mDice_no_bg": 0.3932168781757355,
        "accuracy": 0.9688923954963684,
        "mean_acc": 0.39774852991104126,
        "mean_acc_no_bg": 0.37562108039855957,
        "dice_per_class": [
            0.9939889907836914,
            0.5897016525268555,
            0.7339858412742615,
            0.596453070640564,
            0.1881306916475296,
            0.7123649716377258,
            0.13021402060985565,
            0.8335874676704407,
            0.6827332973480225,
            0.6334859728813171,
            0.6259450912475586,
            0.8428090214729309,
            0.19138707220554352,
            0.15139256417751312,
            0.6912558078765869,
            0.5264056921005249,
            0.0,
            0.0,
            0.0,
            0.0,
            0.18904340267181396,
            0.0,
            0.6417891979217529,
            0.0,
            0.7648664116859436,
            0.6000030636787415,
            0.29130131006240845,
            0.0
        ],
        "accuracy_per_class": [
            0.9951881766319275,
            0.5703456401824951,
            0.7782608270645142,
            0.5494955778121948,
            0.17687766253948212,
            0.7134832739830017,
            0.10339705646038055,
            0.8245189785957336,
            0.6751481294631958,
            0.642744243144989,
            0.6003644466400146,
            0.8541079759597778,
            0.13867923617362976,
            0.08709726482629776,
            0.6054465770721436,
            0.5640963315963745,
            0.0,
            0.0,
            0.0,
            0.0,
            0.13087542355060577,
            0.0,
            0.5998232960700989,
            0.0,
            0.7584537863731384,
            0.5408645272254944,
            0.22768908739089966,
            0.0
        ],
        "iou_per_class": [
            0.9880496859550476,
            0.41813966631889343,
            0.5797612071037292,
            0.42496126890182495,
            0.10383237898349762,
            0.5532351136207581,
            0.06964114308357239,
            0.7146592140197754,
            0.518295407295227,
            0.46357810497283936,
            0.45554590225219727,
            0.728323221206665,
            0.10581980645656586,
            0.08189546316862106,
            0.5281825065612793,
            0.3572256565093994,
            0.0,
            0.0,
            0.0,
            0.0,
            0.10438869893550873,
            0.0,
            0.4725254774093628,
            0.0,
            0.6192579865455627,
            0.4285745918750763,
            0.1704813688993454,
            0.0
        ]
    }
}